股票代码,名称,所属行业,地域,上市日期,TS代码,交易日期,开盘价,最高价,最低价,收盘价,前收盘价,涨跌额,涨跌幅(%),成交量(手),成交额(千元),换手率(%),换手率(自由流通股),量比,市盈率,"市盈率(TTM,亏损的PE为空)",市净率,市销率,市销率(TTM),股息率(%),股息率(TTM)(%),总股本(万股),流通股本(万股),自由流通股本(万股),总市值(万元),流通市值(万元),今日涨停价,今日跌停价,复权因子
301596,瑞迪智驱,机械基件,四川,20240513,301596.SZ,20251205,72.61,74.36,72.38,74.36,73.08,1.28,1.7515,5100.52,37653.736,1.6287,1.9358,1.08,56.8741,53.7374,6.7594,9.3172,8.7768,0.0,1.0758,7716.53,3131.6613,2634.795,573801.1708,232870.3343,87.7,58.46,1.4128
301596,瑞迪智驱,机械基件,四川,20240513,301596.SZ,20251204,74.0,74.59,72.52,73.08,72.54,0.54,0.7444,5278.0,38755.386,1.6854,2.0032,1.18,55.8951,52.8124,6.643,9.1568,8.6257,0.0,1.0947,7716.53,3131.6613,2634.795,563924.0124,228861.8078,87.05,58.03,1.4128
301596,瑞迪智驱,机械基件,四川,20240513,301596.SZ,20251203,73.02,74.65,72.35,72.54,73.77,-1.23,-1.6673,4236.92,30913.593,1.3529,1.6081,0.93,55.4821,52.4221,6.5939,9.0892,8.562,0.0,1.1028,7716.53,3131.6613,2634.795,559757.0862,227170.7107,88.52,59.02,1.4128
301596,瑞迪智驱,机械基件,四川,20240513,301596.SZ,20251202,74.12,74.77,73.6,73.77,74.7,-0.93,-1.245,3779.4,27966.735,1.2068,1.4344,0.79,56.4228,53.311,6.7058,9.2433,8.7072,0.0,1.0845,7716.53,3131.6613,2634.795,569248.4181,231022.6541,89.64,59.76,1.4128
301596,瑞迪智驱,机械基件,四川,20240513,301596.SZ,20251201,73.5,74.98,73.3,74.7,73.36,1.34,1.8266,6078.8,45246.02,1.9411,2.3071,1.25,57.1341,53.9831,6.7903,9.3598,8.8169,0.0,1.071,7716.53,3131.6613,2634.795,576424.791,233935.0991,88.03,58.69,1.4128
301596,瑞迪智驱,机械基件,四川,20240513,301596.SZ,20251128,72.85,73.43,71.61,73.36,72.54,0.82,1.1304,4231.6,30774.649,1.3512,1.606,0.75,56.1092,53.0147,6.6685,9.1919,8.6588,0.0,1.0905,7716.53,3131.6613,2634.795,566084.6408,229738.673,87.05,58.03,1.4128
301596,瑞迪智驱,机械基件,四川,20240513,301596.SZ,20251127,71.7,72.88,71.7,72.54,71.84,0.7,0.9744,4099.96,29682.592,1.3092,1.5673,0.71,55.4821,52.4221,6.5939,9.0892,8.562,0.0,1.1028,7716.53,3131.6613,2616.015,559757.0862,227170.7107,86.21,57.47,1.4128
301596,瑞迪智驱,机械基件,四川,20240513,301596.SZ,20251126,72.3,72.9,71.77,71.84,72.3,-0.46,-0.6362,4551.68,32935.465,1.4534,1.7399,0.78,54.9467,51.9163,6.5303,9.0015,8.4794,0.0,1.1136,7716.53,3131.6613,2616.015,554355.5152,224978.5478,86.76,57.84,1.4128
301596,瑞迪智驱,机械基件,四川,20240513,301596.SZ,20251125,72.5,73.49,72.16,72.3,72.16,0.14,0.194,4852.02,35317.656,1.5493,1.8547,0.81,55.2985,52.2487,6.5721,9.0591,8.5337,0.0,1.1065,7716.53,3131.6613,2616.015,557905.119,226419.112,86.59,57.73,1.4128
301596,瑞迪智驱,机械基件,四川,20240513,301596.SZ,20251124,70.98,72.38,70.47,72.16,70.5,1.66,2.3546,6558.71,46983.831,2.0943,2.5071,1.16,55.1914,52.1475,6.5594,9.0415,8.5171,0.0,1.1086,7716.53,3131.6613,2616.015,556824.8048,225980.6794,84.6,56.4,1.4128
301596,瑞迪智驱,机械基件,四川,20240513,301596.SZ,20251121,71.99,72.5,69.91,70.5,72.26,-1.76,-2.4356,8278.11,59019.874,2.6434,3.1644,1.56,53.9218,50.9479,6.4085,8.8336,8.3212,0.0,1.1348,7716.53,3131.6613,2616.015,544015.365,220782.1217,86.71,57.81,1.4128
301596,瑞迪智驱,机械基件,四川,20240513,301596.SZ,20251120,73.37,73.97,72.16,72.26,73.37,-1.11,-1.5129,4502.4,32716.746,1.4377,1.7211,0.79,55.2679,52.2198,6.5685,9.0541,8.5289,0.0,1.1071,7716.53,3131.6613,2616.015,557596.4578,226293.8455,88.04,58.7,1.4128
301596,瑞迪智驱,机械基件,四川,20240513,301596.SZ,20251119,74.61,74.87,73.17,73.37,74.58,-1.21,-1.6224,5157.99,38033.142,1.647,1.9717,0.88,56.1169,53.022,6.6694,9.1932,8.66,0.0,1.0904,7716.53,3131.6613,2616.015,566161.8061,229769.9896,89.5,59.66,1.4128
301596,瑞迪智驱,机械基件,四川,20240513,301596.SZ,20251118,75.01,75.65,74.07,74.58,75.64,-1.06,-1.4014,5433.0,40561.135,1.7349,2.0768,0.93,57.0424,53.8964,6.7794,9.3448,8.8028,0.0,1.0727,7716.53,3131.6613,2616.015,575498.8074,233559.2998,90.77,60.51,1.4128
301596,瑞迪智驱,机械基件,四川,20240513,301596.SZ,20251117,75.08,75.79,74.85,75.64,75.14,0.5,0.6654,4982.6,37484.144,1.591,1.9047,0.83,57.8531,54.6624,6.8757,9.4776,8.9279,0.0,1.0576,7716.53,3131.6613,2616.015,583678.3292,236878.8607,90.17,60.11,1.4128
301596,瑞迪智驱,机械基件,四川,20240513,301596.SZ,20251114,74.92,76.68,74.5,75.14,75.28,-0.14,-0.186,6479.3,49051.035,2.069,2.4768,1.0,57.4707,54.3011,6.8303,9.4149,8.8689,0.0,1.0647,7716.53,3131.6613,2616.015,579820.0642,235313.0301,90.34,60.22,1.4128
301596,瑞迪智驱,机械基件,四川,20240513,301596.SZ,20251113,75.35,75.94,74.78,75.28,75.31,-0.03,-0.0398,6287.9,47313.366,2.0078,2.4036,0.92,57.5778,54.4022,6.843,9.4325,8.8854,0.0,1.0627,7716.53,3131.6613,2616.015,580900.3784,235751.4627,90.37,60.25,1.4128
301596,瑞迪智驱,机械基件,四川,20240513,301596.SZ,20251112,76.02,76.42,74.75,75.31,76.3,-0.99,-1.2975,5990.87,45214.26,1.913,2.2901,0.9,57.6007,54.4239,6.8457,9.4362,8.8889,0.0,1.0623,7716.53,3131.6613,2616.015,581131.8743,235845.4125,91.56,61.04,1.4128
301596,瑞迪智驱,机械基件,四川,20240513,301596.SZ,20251111,76.98,77.66,76.0,76.3,76.88,-0.58,-0.7544,5621.72,43075.133,1.7951,2.149,0.79,58.3579,55.1394,6.9357,9.5603,9.0058,0.0,1.0485,7716.53,3131.6613,2616.015,588771.239,238945.7572,92.26,61.5,1.4128
301596,瑞迪智驱,机械基件,四川,20240513,301596.SZ,20251110,77.76,78.38,76.67,76.88,77.7,-0.82,-1.0553,5752.45,44336.176,1.8369,2.1989,0.82,58.8015,55.5585,6.9885,9.633,9.0742,0.0,1.0406,7716.53,3131.6613,2616.015,593246.8264,240762.1207,93.24,62.16,1.4128
301596,瑞迪智驱,机械基件,四川,20240513,301596.SZ,20251107,79.55,79.55,77.4,77.7,79.5,-1.8,-2.2642,8781.2,68416.261,2.804,3.3567,1.31,59.4287,56.1511,7.063,9.7357,9.171,0.0,1.0296,7716.53,3131.6613,2616.015,599574.381,243330.083,95.4,63.6,1.4128
301596,瑞迪智驱,机械基件,四川,20240513,301596.SZ,20251106,78.88,80.24,78.32,79.5,78.77,0.73,0.9267,7877.2,62586.213,2.5153,3.0636,1.17,60.8054,57.4519,7.2266,9.9612,9.3835,0.0,1.0063,7716.53,3131.6613,2571.215,613464.135,248967.0734,94.52,63.02,1.4128
301596,瑞迪智驱,机械基件,四川,20240513,301596.SZ,20251105,78.2,79.23,77.5,78.77,78.62,0.15,0.1908,5435.4,42730.931,1.7356,2.1139,0.77,60.2471,56.9243,7.1603,9.8698,9.2973,0.0,1.0156,7716.53,3131.6613,2571.215,607831.0681,246680.9606,94.34,62.9,1.4128
301596,瑞迪智驱,机械基件,四川,20240513,301596.SZ,20251104,80.96,80.96,78.2,78.62,80.96,-2.34,-2.8903,7611.4,60218.512,2.4305,2.9602,1.07,60.1323,56.8159,7.1466,9.851,9.2796,0.0,1.0176,7716.53,3131.6613,2571.215,606673.5886,246211.2114,97.15,64.77,1.4128
301596,瑞迪智驱,机械基件,四川,20240513,301596.SZ,20251103,81.57,81.97,80.1,80.96,81.35,-0.39,-0.4794,5506.2,44469.588,1.7582,2.1415,0.68,61.9221,58.507,7.3593,10.1442,9.5558,0.0,0.9881,7716.53,3131.6613,2571.215,624730.2688,253539.2988,97.62,65.08,1.4128
301596,瑞迪智驱,机械基件,四川,20240513,301596.SZ,20251031,80.46,82.0,80.2,81.35,80.46,0.89,1.1061,7207.4,58700.092,2.3015,2.8031,0.85,62.2204,58.7888,7.3948,10.193,9.6018,0.0,0.9834,7716.53,3131.6613,2571.215,627739.7155,254760.6468,96.55,64.37,1.4128
301596,瑞迪智驱,机械基件,四川,20240513,301596.SZ,20251030,82.3,82.79,80.43,80.46,82.44,-1.98,-2.4017,7827.8,63637.941,2.4996,3.0444,0.96,61.5397,58.1457,7.3139,10.0815,9.4968,0.0,0.9943,7716.53,3131.6613,2571.215,620872.0038,251973.4682,98.93,65.95,1.4128
301596,瑞迪智驱,机械基件,四川,20240513,301596.SZ,20251029,81.5,82.78,81.5,82.44,82.05,0.39,0.4753,7092.04,58247.443,2.2646,2.7582,0.9,63.0541,59.5765,7.4939,10.3296,9.7305,0.0,0.9704,7716.53,3131.6613,2571.215,636150.7332,258174.1576,98.46,65.64,1.4128
301596,瑞迪智驱,机械基件,四川,20240513,301596.SZ,20251028,82.46,83.36,81.8,82.05,82.46,-0.41,-0.4972,7833.38,64676.598,2.5013,3.0466,1.04,62.7558,59.2947,7.4584,10.2808,9.6845,0.0,0.975,7716.53,3131.6613,2571.215,633141.2865,256952.8097,98.95,65.97,1.4128
301596,瑞迪智驱,机械基件,四川,20240513,301596.SZ,20251027,82.19,82.8,81.2,82.46,80.67,1.79,2.2189,10307.6,84539.456,3.2914,4.0088,1.35,63.0694,59.591,7.4957,10.3321,9.7329,0.0,0.9702,7716.53,3131.6613,2571.215,636305.0638,258236.7908,96.8,64.54,1.4128
301596,瑞迪智驱,机械基件,四川,20240513,301596.SZ,20251024,78.9,82.36,78.9,80.67,78.88,1.79,2.2693,9313.8,75257.494,2.9741,3.6223,1.15,61.7003,61.3724,7.5856,10.1078,9.764,0.0,0.9917,7716.53,3131.6613,2571.215,622492.4751,252631.1171,94.66,63.1,1.4128
301596,瑞迪智驱,机械基件,四川,20240513,301596.SZ,20251023,78.75,79.35,77.61,78.88,78.87,0.01,0.0127,6097.6,47726.415,1.9471,2.3715,0.7,60.3312,60.0106,7.4173,9.8836,9.5474,0.0,1.0142,7716.53,3131.6613,2571.215,608679.8864,247025.4433,94.64,63.1,1.4128
301596,瑞迪智驱,机械基件,四川,20240513,301596.SZ,20251022,79.4,80.08,78.5,78.87,79.4,-0.53,-0.6675,5718.2,45344.283,1.8259,2.2239,0.57,60.3236,60.003,7.4163,9.8823,9.5462,0.0,1.0143,7716.53,3131.6613,2571.215,608602.7211,246994.1267,95.28,63.52,1.4128
301596,瑞迪智驱,机械基件,四川,20240513,301596.SZ,20251021,79.3,79.97,78.5,79.4,79.3,0.1,0.1261,6330.6,50147.477,2.0215,2.4621,0.52,60.7289,60.4062,7.4662,9.9487,9.6103,0.0,1.0076,7716.53,3131.6613,2571.215,612692.482,248653.9072,95.16,63.44,1.4128
301596,瑞迪智驱,机械基件,四川,20240513,301596.SZ,20251020,77.5,80.12,77.5,79.3,77.11,2.19,2.8401,10580.56,83851.875,3.3786,4.115,0.75,60.6524,60.3301,7.4568,9.9362,9.5982,0.0,1.0088,7716.53,3131.6613,2571.215,611920.829,248340.7411,92.53,61.69,1.4128
301596,瑞迪智驱,机械基件,四川,20240513,301596.SZ,20251017,80.4,80.51,77.03,77.11,80.26,-3.15,-3.9247,11625.56,91525.92,3.7123,4.5214,0.68,58.9774,58.664,7.2508,9.6618,9.3331,0.0,1.0375,7716.53,3131.6613,2571.215,595021.6283,241482.4028,96.31,64.21,1.4128
301596,瑞迪智驱,机械基件,四川,20240513,301596.SZ,20251016,81.51,82.0,80.05,80.26,82.21,-1.95,-2.372,9360.2,75587.727,2.9889,3.6404,,61.3867,61.0604,7.547,10.0565,9.7144,0.0,0.9968,7716.53,3131.6613,2571.215,619328.6978,251347.1359,98.65,65.77,1.4128
301596,瑞迪智驱,机械基件,四川,20240513,301596.SZ,20251015,81.09,82.88,80.02,82.21,81.08,1.13,1.3937,12021.85,98291.403,3.8388,4.6756,0.66,62.8781,62.544,7.7304,10.3008,9.9504,0.0,0.9731,7716.53,3131.6613,2571.215,634375.9313,257453.8755,97.3,64.86,1.4128
301596,瑞迪智驱,机械基件,四川,20240513,301596.SZ,20251014,84.38,85.88,80.81,81.08,84.3,-3.22,-3.8197,16705.26,138550.17,5.3343,6.497,0.96,62.0139,61.6843,7.6241,10.1592,9.8136,0.0,0.9867,7716.53,3131.6613,2571.215,625656.2524,253915.0982,101.16,67.44,1.4128
301596,瑞迪智驱,机械基件,四川,20240513,301596.SZ,20251013,83.4,85.01,81.0,84.3,88.0,-3.7,-4.2045,20445.97,170455.533,6.5288,7.9519,1.3,64.4767,64.134,7.9269,10.5627,10.2034,0.0,0.949,7716.53,3131.6613,2571.215,650503.479,263999.0476,105.6,70.4,1.4128
301596,瑞迪智驱,机械基件,四川,20240513,301596.SZ,20251010,90.0,93.94,87.32,88.0,89.09,-1.09,-1.2235,26444.9,240195.26,8.4444,10.285,2.0,67.3066,66.9489,8.2748,11.0263,10.6512,0.0,0.9091,7716.53,3131.6613,2571.215,679054.64,275586.1944,106.91,71.27,1.4128
301596,瑞迪智驱,机械基件,四川,20240513,301596.SZ,20251009,89.23,90.44,86.66,89.09,89.28,-0.19,-0.2128,12844.4,114275.459,4.1015,4.9955,0.93,68.1403,67.7782,8.3773,11.1629,10.7831,0.0,0.898,7716.53,3131.6613,2571.215,687465.6577,278999.7052,107.14,71.42,1.4128
301596,瑞迪智驱,机械基件,四川,20240513,301596.SZ,20250930,88.63,91.47,88.03,89.28,88.43,0.85,0.9612,14936.2,133651.567,4.7694,5.809,1.06,68.2856,67.9227,8.3952,11.1867,10.8061,0.0,0.8961,7716.53,3131.6613,2571.215,688931.7984,279594.7209,106.12,70.74,1.4128
301596,瑞迪智驱,机械基件,四川,20240513,301596.SZ,20250929,89.2,90.19,87.87,88.43,89.25,-0.82,-0.9188,12029.42,106566.245,3.8412,4.6785,0.86,67.6355,67.276,8.3153,11.0802,10.7033,0.0,0.9047,7716.53,3131.6613,2571.215,682372.7479,276932.8088,107.1,71.4,1.4128
301596,瑞迪智驱,机械基件,四川,20240513,301596.SZ,20250926,91.32,92.7,89.25,89.25,92.48,-3.23,-3.4926,12473.8,113384.104,3.9831,4.8513,0.82,68.2627,67.8999,8.3924,11.1829,10.8025,0.0,0.8964,7716.53,3131.6613,2571.215,688700.3025,279500.771,110.98,73.98,1.4128
301596,瑞迪智驱,机械基件,四川,20240513,301596.SZ,20250925,92.0,92.98,91.24,92.48,92.39,0.09,0.0974,13818.65,127438.653,4.4126,5.3744,0.75,70.7331,70.3572,8.6961,11.5876,11.1935,0.0,0.8651,7716.53,3131.6613,2571.215,713624.6944,289616.037,110.87,73.91,1.4128
301596,瑞迪智驱,机械基件,四川,20240513,301596.SZ,20250924,89.0,92.74,88.0,92.39,89.58,2.81,3.1369,15689.62,142724.888,5.01,6.102,0.82,70.6643,70.2887,8.6876,11.5763,11.1826,0.0,0.8659,7716.53,3131.6613,2571.215,712930.2067,289334.1875,107.5,71.66,1.4128
301596,瑞迪智驱,机械基件,四川,20240513,301596.SZ,20250923,92.0,92.32,87.78,89.58,91.99,-2.41,-2.6198,16149.2,144321.155,5.1568,6.2808,0.73,68.5151,68.1509,8.4234,11.2243,10.8425,0.0,0.8931,7716.53,3131.6613,2571.215,691246.7574,280534.2193,110.39,73.59,1.4128
301596,瑞迪智驱,机械基件,四川,20240513,301596.SZ,20250922,91.48,93.13,91.42,92.39,91.48,0.91,0.9948,11845.85,109224.797,3.7826,4.6071,0.52,70.6643,70.2887,8.3727,11.5763,11.1826,0.0,0.4329,7716.53,3131.6613,2571.215,712930.2067,289334.1875,109.78,73.18,1.4067
301596,瑞迪智驱,机械基件,四川,20240513,301596.SZ,20250919,93.41,94.77,90.7,91.48,93.86,-2.38,-2.5357,18589.42,171428.116,5.936,7.2298,0.83,69.9683,69.5964,8.2903,11.4623,11.0724,0.0,0.4373,7716.53,3131.6613,2571.215,705908.1644,286484.3757,112.63,75.09,1.4067
301596,瑞迪智驱,机械基件,四川,20240513,301596.SZ,20250918,95.04,97.9,92.6,93.86,94.9,-1.04,-1.0959,29620.79,283537.693,9.4585,11.5202,1.33,71.7886,71.4071,8.5059,11.7605,11.3605,0.0,0.4262,7716.53,3131.6613,2571.215,724273.5058,293937.7296,113.88,75.92,1.4067
301596,瑞迪智驱,机械基件,四川,20240513,301596.SZ,20250917,94.6,96.13,94.06,94.9,95.1,-0.2,-0.2103,19302.41,183264.558,6.1636,7.5071,0.95,72.5841,72.1983,8.6002,11.8908,11.4864,0.0,0.4215,7716.53,3131.6613,2571.215,732298.697,297194.6574,114.12,76.08,1.4067
301596,瑞迪智驱,机械基件,四川,20240513,301596.SZ,20250916,91.23,95.5,91.19,95.1,91.23,3.87,4.242,31001.9,291478.461,9.8995,12.0573,1.83,72.737,72.3505,8.6183,11.9159,11.5106,0.0,0.4206,7716.53,3131.6613,2571.215,733842.003,297820.9896,109.48,72.98,1.4067
301596,瑞迪智驱,机械基件,四川,20240513,301596.SZ,20250915,91.01,93.31,90.26,91.23,91.14,0.09,0.0987,15565.57,143155.316,4.9704,6.0538,0.86,69.7771,69.4062,8.2676,11.431,11.0422,0.0,0.4385,7716.53,3131.6613,2571.215,703979.0319,285701.4604,109.37,72.91,1.4067
301596,瑞迪智驱,机械基件,四川,20240513,301596.SZ,20250912,92.66,92.88,90.02,91.14,92.66,-1.52,-1.6404,16120.35,147202.157,5.1475,6.2695,0.94,69.7082,69.3378,8.2594,11.4197,11.0313,0.0,0.4389,7716.53,3131.6613,2571.215,703284.5442,285419.6109,111.19,74.13,1.4067
301596,瑞迪智驱,机械基件,四川,20240513,301596.SZ,20250911,87.01,93.0,86.56,92.66,87.4,5.26,6.0183,29000.72,263143.566,9.2605,11.279,1.97,70.8708,70.4942,8.3972,11.6102,11.2153,0.0,0.4317,7716.53,3131.6613,2571.215,715013.6698,290179.7361,104.88,69.92,1.4067
301596,瑞迪智驱,机械基件,四川,20240513,301596.SZ,20250910,87.39,89.58,86.86,87.4,88.18,-0.78,-0.8846,10339.8,90967.188,3.3017,4.0214,0.65,66.8477,66.4924,7.9205,10.9511,10.5786,0.0,0.4577,7716.53,3131.6613,2571.215,674424.722,273707.1976,105.82,70.54,1.4067
301596,瑞迪智驱,机械基件,四川,20240513,301596.SZ,20250909,89.99,89.99,87.7,88.18,90.73,-2.55,-2.8105,13783.87,121756.177,4.4015,5.3608,0.71,67.4443,67.0858,7.9912,11.0488,10.673,0.0,0.4536,7716.53,3131.6613,2571.215,680443.6154,276149.8934,108.88,72.58,1.4067
301596,瑞迪智驱,机械基件,四川,20240513,301596.SZ,20250908,87.24,91.6,86.2,90.73,86.96,3.77,4.3353,21108.19,190224.136,6.7403,8.2094,1.15,69.3947,69.0258,8.2223,11.3683,10.9816,0.0,0.4409,7716.53,3131.6613,2571.215,700120.7669,284135.6297,104.35,69.57,1.4067
301596,瑞迪智驱,机械基件,四川,20240513,301596.SZ,20250905,84.6,87.0,84.01,86.96,84.38,2.58,3.0576,11213.18,96466.809,3.5806,4.361,0.54,66.5112,66.1577,7.8806,10.896,10.5253,0.0,0.46,7716.53,3131.6613,2571.215,671029.4488,272329.2666,101.26,67.5,1.4067
301596,瑞迪智驱,机械基件,四川,20240513,301596.SZ,20250904,87.31,88.98,82.65,84.38,87.22,-2.84,-3.2561,17269.54,148082.868,5.5145,6.7165,0.76,64.5379,64.1949,7.6468,10.5727,10.2131,0.0,0.474,7716.53,3131.6613,2571.215,651120.8014,264249.5805,104.66,69.78,1.4067
301596,瑞迪智驱,机械基件,四川,20240513,301596.SZ,20250903,90.68,92.6,87.21,87.22,90.84,-3.62,-3.985,16620.9,147935.392,5.3074,6.4642,0.61,66.71,66.3555,7.9042,10.9285,10.5568,0.0,0.4586,7716.53,3131.6613,2571.215,673035.7466,273143.4986,109.01,72.67,1.4067
301596,瑞迪智驱,机械基件,四川,20240513,301596.SZ,20250902,92.99,93.3,87.19,90.84,92.58,-1.74,-1.8795,30226.5,272637.891,9.6519,11.7557,1.23,69.4788,69.1095,8.2323,11.3821,10.995,0.0,0.4403,7716.53,3131.6613,2571.215,700969.5852,284480.1125,111.1,74.06,1.4067
301596,瑞迪智驱,机械基件,四川,20240513,301596.SZ,20250901,91.04,93.3,90.8,92.58,91.21,1.37,1.502,16111.6,148789.858,5.1447,6.2661,0.62,70.8096,70.4333,8.3899,11.6001,11.2056,0.0,0.4321,7716.53,3131.6613,2571.215,714396.3474,289929.2032,109.45,72.97,1.4067
301596,瑞迪智驱,机械基件,四川,20240513,301596.SZ,20250829,93.0,94.45,90.68,91.21,93.27,-2.06,-2.2086,23487.14,216832.612,7.4999,9.1346,0.91,69.7618,69.391,8.2658,11.4285,11.0397,0.0,0.4385,7716.53,3131.6613,2571.215,703824.7013,285638.8272,111.92,74.62,1.4067
301596,瑞迪智驱,机械基件,四川,20240513,301596.SZ,20250828,93.55,95.78,90.5,93.27,93.98,-0.71,-0.7555,26539.76,246427.546,8.4747,10.3219,0.99,71.3374,70.9582,8.4525,11.6866,11.2891,0.0,0.4289,7716.53,3131.6613,2571.215,719720.7531,292090.0495,112.78,75.18,1.4067
301596,瑞迪智驱,机械基件,四川,20240513,301596.SZ,20250827,94.25,100.48,93.55,93.98,93.05,0.93,0.9995,39390.3,379361.722,12.5781,15.3197,1.73,71.8804,71.4984,8.5168,11.7756,11.375,0.0,0.4256,7716.53,3131.6613,2571.215,725199.4894,294313.529,111.66,74.44,1.4067
301596,瑞迪智驱,机械基件,四川,20240513,301596.SZ,20250826,94.92,95.04,93.0,93.05,95.39,-2.34,-2.4531,17194.6,161559.756,4.9627,6.6873,0.66,71.1691,71.9933,8.7195,11.659,11.5091,0.0,0.4299,7716.53,3464.8,2571.215,718023.1165,322399.64,114.47,76.31,1.4067
301596,瑞迪智驱,机械基件,四川,20240513,301596.SZ,20250825,94.46,96.66,94.3,95.39,94.55,0.84,0.8884,23725.2,226275.853,6.8475,9.2272,0.91,72.9588,73.8038,8.9387,11.9522,11.7985,0.0,0.4193,7716.53,3464.8,2571.215,736079.7967,330507.272,113.46,75.64,1.4067
301596,瑞迪智驱,机械基件,四川,20240513,301596.SZ,20250822,94.0,96.2,92.62,94.55,93.92,0.63,0.6708,22279.0,210255.315,6.4301,8.6648,0.87,72.3164,73.1538,8.86,11.847,11.6946,0.0,0.4231,7716.53,3464.8,2571.215,729597.9115,327596.84,112.7,75.14,1.4067
301596,瑞迪智驱,机械基件,四川,20240513,301596.SZ,20250821,94.48,99.0,92.67,93.92,94.29,-0.37,-0.3924,31108.33,296432.09,8.9784,12.0987,1.29,71.8345,72.6664,8.801,11.768,11.6167,0.0,0.4259,7716.53,3464.8,2571.215,724736.4976,325414.016,113.15,75.43,1.4067
301596,瑞迪智驱,机械基件,四川,20240513,301596.SZ,20250820,94.2,94.78,92.57,94.29,94.9,-0.61,-0.6428,19719.28,184653.068,5.6913,7.6692,0.77,72.1175,72.9527,8.8357,11.8144,11.6625,0.0,0.4242,7716.53,3464.8,2571.215,727591.6137,326695.992,113.88,75.92,1.4067
301596,瑞迪智驱,机械基件,四川,20240513,301596.SZ,20250819,93.41,96.58,91.3,94.9,93.27,1.63,1.7476,33394.78,314023.04,9.6383,12.9879,1.44,72.5841,73.4246,8.8928,11.8908,11.7379,0.0,0.4215,7716.53,3464.8,2571.215,732298.697,328809.52,111.92,74.62,1.4067
301596,瑞迪智驱,机械基件,四川,20240513,301596.SZ,20250818,92.18,93.88,91.27,93.27,92.18,1.09,1.1825,23961.48,221629.47,6.9157,9.3191,1.13,71.3374,72.1635,8.7401,11.6866,11.5363,0.0,0.4289,7716.53,3464.8,2571.215,719720.7531,323161.896,110.62,73.74,1.4067
301596,瑞迪智驱,机械基件,四川,20240513,301596.SZ,20250815,90.83,92.53,90.6,92.18,90.83,1.35,1.4863,19813.8,181516.402,5.7186,7.706,0.98,70.5037,71.3202,8.6379,11.55,11.4015,0.0,0.4339,7716.53,3464.8,2571.215,711309.7354,319385.264,109.0,72.66,1.4067
301596,瑞迪智驱,机械基件,四川,20240513,301596.SZ,20250814,93.0,93.5,89.8,90.83,92.28,-1.45,-1.5713,23840.51,218069.302,6.8808,9.2721,1.22,69.4711,70.2757,8.5114,11.3809,11.2345,0.0,0.4404,7716.53,3464.8,2571.215,700892.4199,314707.784,110.74,73.82,1.4067
301596,瑞迪智驱,机械基件,四川,20240513,301596.SZ,20250813,89.99,93.39,89.01,92.28,90.18,2.1,2.3287,27061.48,247329.762,7.8104,10.5248,1.35,70.5802,71.3975,8.6473,11.5626,11.4139,0.0,0.4335,7716.53,3464.8,2571.215,712081.3884,319731.744,108.22,72.14,1.4067
301596,瑞迪智驱,机械基件,四川,20240513,301596.SZ,20250812,89.19,91.86,88.27,90.18,89.05,1.13,1.269,21021.4,189479.439,6.0671,8.1757,1.08,68.974,69.7728,8.4505,11.2994,11.1541,0.0,0.4436,7716.53,3464.8,2571.215,695876.6754,312455.664,106.86,71.24,1.4067
301596,瑞迪智驱,机械基件,四川,20240513,301596.SZ,20250811,88.88,90.56,88.6,89.05,88.8,0.25,0.2815,13845.91,124051.531,3.9962,5.385,0.61,68.1097,68.8985,8.3446,11.1578,11.0144,0.0,0.4492,7716.53,3464.8,2571.215,687156.9965,308540.44,106.56,71.04,1.4067
301596,瑞迪智驱,机械基件,四川,20240513,301596.SZ,20250808,91.0,91.0,88.68,88.8,91.54,-2.74,-2.9932,14958.47,133643.495,4.3173,5.8177,0.64,67.9185,68.705,8.3212,11.1265,10.9834,0.0,0.4505,7716.53,3464.8,2571.215,685227.864,307674.24,109.85,73.23,1.4067
301596,瑞迪智驱,机械基件,四川,20240513,301596.SZ,20250807,90.21,92.18,89.21,91.54,91.24,0.3,0.3288,20834.07,188731.317,6.0131,8.1028,0.92,70.0142,70.825,8.578,11.4698,11.3223,0.0,0.437,7716.53,3464.8,2571.215,706371.1562,317167.792,109.49,72.99,1.4067
301596,瑞迪智驱,机械基件,四川,20240513,301596.SZ,20250806,88.91,92.2,87.58,91.24,90.66,0.58,0.6398,29702.8,267075.295,8.5727,11.552,1.55,69.7847,70.5929,8.5499,11.4322,11.2852,0.0,0.4384,7716.53,3464.8,2571.215,704056.1972,316128.352,108.79,72.53,1.4067
301596,瑞迪智驱,机械基件,四川,20240513,301596.SZ,20250805,92.47,92.8,89.86,90.66,91.6,-0.94,-1.0262,17968.86,163060.479,5.1861,6.9885,1.03,69.3411,70.1441,8.4955,11.3596,11.2135,0.0,0.4412,7716.53,3464.8,2571.215,699580.6098,314118.768,109.92,73.28,1.4067
301596,瑞迪智驱,机械基件,四川,20240513,301596.SZ,20250804,86.81,92.88,86.77,91.6,86.98,4.62,5.3116,30486.64,276463.078,8.799,11.8569,2.35,70.0601,70.8714,8.5836,11.4774,11.3298,0.0,0.4367,7716.53,3464.8,2571.215,706834.148,317375.68,104.38,69.58,1.4067
301596,瑞迪智驱,机械基件,四川,20240513,301596.SZ,20250801,85.01,87.77,84.64,86.98,85.41,1.57,1.8382,17169.8,148573.817,4.9555,6.6777,1.45,66.5265,67.2969,8.1507,10.8985,10.7583,0.0,0.4599,7716.53,3464.8,2571.215,671183.7794,301368.304,102.49,68.33,1.4067
301596,瑞迪智驱,机械基件,四川,20240513,301596.SZ,20250731,83.88,87.99,83.82,85.41,84.48,0.93,1.1009,18403.0,159067.358,5.3114,7.1573,1.77,65.3257,66.0822,8.0035,10.7018,10.5641,0.0,0.4683,7716.53,3464.8,2571.215,659068.8273,295928.568,101.38,67.58,1.4067
301596,瑞迪智驱,机械基件,四川,20240513,301596.SZ,20250730,86.22,86.22,83.61,84.48,86.46,-1.98,-2.2901,11545.6,97886.483,3.3323,4.4903,1.17,64.6144,65.3626,7.9164,10.5852,10.4491,0.0,0.4735,7716.53,3464.8,2571.215,651892.4544,292706.304,103.75,69.17,1.4067
301596,瑞迪智驱,机械基件,四川,20240513,301596.SZ,20250729,86.02,87.09,85.5,86.46,86.8,-0.34,-0.3917,9300.8,80159.61,2.6844,3.6173,0.88,66.1288,66.8946,8.1019,10.8333,10.694,0.0,0.4626,7716.53,3464.8,2571.215,667171.1838,299566.608,104.16,69.44,1.4067
301596,瑞迪智驱,机械基件,四川,20240513,301596.SZ,20250728,88.56,88.56,86.28,86.8,87.08,-0.28,-0.3215,8424.2,73306.185,2.4314,3.2763,0.68,66.3888,67.1576,8.1338,10.8759,10.7361,0.0,0.4608,7716.53,3464.8,2571.215,669794.804,300744.64,104.5,69.66,1.4067
301596,瑞迪智驱,机械基件,四川,20240513,301596.SZ,20250725,86.36,87.48,85.86,87.08,86.36,0.72,0.8337,11572.0,100386.37,3.3399,4.5006,0.98,66.603,67.3743,8.16,10.911,10.7707,0.0,0.4593,7716.53,3464.8,2571.215,671955.4324,301714.784,103.63,69.09,1.4067
301596,瑞迪智驱,机械基件,四川,20240513,301596.SZ,20250724,85.4,87.65,85.4,86.36,85.4,0.96,1.1241,11067.8,96037.504,3.1944,4.3045,0.88,66.0523,66.8172,8.0926,10.8208,10.6816,0.0,0.4632,7716.53,3464.8,2571.215,666399.5308,299220.128,102.48,68.32,1.4067
301596,瑞迪智驱,机械基件,四川,20240513,301596.SZ,20250723,85.95,86.17,85.1,85.4,86.28,-0.88,-1.0199,9117.8,77971.452,2.6316,3.5461,0.65,65.318,66.0744,8.0026,10.7005,10.5629,0.0,0.4684,7716.53,3464.8,2571.215,658991.662,295893.92,103.54,69.02,1.4067
301596,瑞迪智驱,机械基件,四川,20240513,301596.SZ,20250722,87.61,87.8,85.91,86.28,87.66,-1.38,-1.5743,12598.2,109221.109,3.6361,4.8997,0.92,65.9911,66.7553,8.0851,10.8108,10.6717,0.0,0.4636,7716.53,3464.8,2571.215,665782.2084,298942.944,105.19,70.13,1.4067
301596,瑞迪智驱,机械基件,四川,20240513,301596.SZ,20250721,86.48,88.46,85.71,87.66,85.75,1.91,2.2274,17697.0,154416.437,5.1077,6.8827,1.36,67.0466,67.823,8.2144,10.9837,10.8424,0.0,0.4563,7716.53,3464.8,2571.215,676431.0198,303724.368,102.9,68.6,1.4067
301596,瑞迪智驱,机械基件,四川,20240513,301596.SZ,20250718,86.58,86.58,85.2,85.75,85.93,-0.18,-0.2095,8716.72,74702.539,2.5158,3.3901,0.66,65.5857,66.3452,8.0354,10.7444,10.6062,0.0,0.4665,7716.53,3464.8,2571.215,661692.4475,297106.6,103.12,68.74,1.4067
301596,瑞迪智驱,机械基件,四川,20240513,301596.SZ,20250717,86.15,87.88,85.0,85.93,86.08,-0.15,-0.1743,14476.4,125052.692,4.1781,5.6302,1.18,65.7234,66.4845,8.0523,10.7669,10.6285,0.0,0.4655,7716.53,3464.8,2571.215,663081.4229,297730.264,103.3,68.86,1.4067
301596,瑞迪智驱,机械基件,四川,20240513,301596.SZ,20250716,83.77,86.75,83.54,86.08,83.77,2.31,2.7576,16389.2,140404.158,4.7302,6.3741,1.46,65.8381,66.6006,8.0663,10.7857,10.647,0.0,0.4647,7716.53,3464.8,2571.215,664238.9024,298249.984,100.52,67.02,1.4067
301596,瑞迪智驱,机械基件,四川,20240513,301596.SZ,20250715,84.51,85.5,82.86,83.77,84.51,-0.74,-0.8756,11309.15,94785.578,3.264,4.3984,1.08,64.0713,64.8133,7.8499,10.4963,10.3613,0.0,0.4775,7716.53,3464.8,2571.215,646413.7181,290246.296,101.41,67.61,1.4067
301596,瑞迪智驱,机械基件,四川,20240513,301596.SZ,20250714,82.16,85.82,82.16,84.51,82.59,1.92,2.3247,13951.4,117596.157,4.0266,5.426,1.59,64.6373,65.3858,7.9192,10.589,10.4528,0.0,0.4733,7716.53,3464.8,2571.215,652123.9503,292810.248,99.11,66.07,1.4067
301596,瑞迪智驱,机械基件,四川,20240513,301596.SZ,20250711,80.51,83.39,80.23,82.59,80.99,1.6,1.9756,9835.4,80751.369,2.8387,3.8252,1.13,63.1688,63.9003,7.7393,10.3484,10.2153,0.0,0.4843,7716.53,3464.8,2571.215,637308.2127,286157.832,97.19,64.79,1.4067
301596,瑞迪智驱,机械基件,四川,20240513,301596.SZ,20250710,82.18,82.71,80.4,80.99,82.68,-1.69,-2.044,9623.6,78022.34,2.7775,3.7428,1.2,61.945,62.6624,7.5894,10.1479,10.0174,0.0,0.4939,7716.53,3464.8,2571.215,624961.7647,280614.152,99.22,66.14,1.4067
301596,瑞迪智驱,机械基件,四川,20240513,301596.SZ,20250709,82.15,84.5,82.15,82.68,82.15,0.53,0.6452,11512.8,96190.443,3.3228,4.4776,1.51,63.2376,63.97,7.7477,10.3597,10.2265,0.0,0.4838,7716.53,3464.8,2571.215,638002.7004,286469.664,98.58,65.72,1.4067
301596,瑞迪智驱,机械基件,四川,20240513,301596.SZ,20250708,81.12,82.8,80.56,82.15,81.16,0.99,1.2198,7255.0,59586.182,2.0939,2.8216,0.93,62.8323,63.5599,7.6981,10.2933,10.1609,0.0,0.4869,7716.53,3464.8,2571.215,633912.9395,284633.32,97.39,64.93,1.4067
301596,瑞迪智驱,机械基件,四川,20240513,301596.SZ,20250707,82.51,82.51,81.02,81.16,82.5,-1.34,-1.6242,5746.4,46686.352,1.6585,2.2349,0.65,62.0751,62.7939,7.6053,10.1692,10.0385,0.0,0.4929,7716.53,3464.8,2571.215,626273.5748,281203.168,99.0,66.0,1.4067
301596,瑞迪智驱,机械基件,四川,20240513,301596.SZ,20250704,82.25,85.8,81.55,82.5,83.08,-0.58,-0.6981,9205.6,76347.679,2.6569,3.5803,1.05,63.1,63.8307,7.7309,10.3371,10.2042,0.0,0.4848,7716.53,3464.8,2571.215,636613.725,285846.0,99.7,66.46,1.4067
301596,瑞迪智驱,机械基件,四川,20240513,301596.SZ,20250703,83.32,83.83,82.22,83.08,83.32,-0.24,-0.288,6535.0,54139.646,1.8861,2.5416,0.69,63.5436,64.2794,7.7852,10.4098,10.2759,0.0,0.4815,7716.53,3464.8,2571.215,641089.3124,287855.584,99.98,66.66,1.4067
301596,瑞迪智驱,机械基件,四川,20240513,301596.SZ,20250702,86.08,87.0,82.98,83.32,86.09,-2.77,-3.2176,9369.35,78998.576,2.7042,3.6439,0.89,63.7271,64.4651,7.8077,10.4399,10.3056,0.0,0.4801,7716.53,3464.8,2571.215,642941.2796,288687.136,103.31,68.87,1.4067
301596,瑞迪智驱,机械基件,四川,20240513,301596.SZ,20250701,87.4,87.4,85.78,86.09,87.42,-1.33,-1.5214,8069.2,69576.894,2.3289,3.1383,0.67,65.8458,66.6083,8.0673,10.787,10.6482,0.0,0.4646,7716.53,3464.8,2571.215,664316.0677,298284.632,104.9,69.94,1.4067
301596,瑞迪智驱,机械基件,四川,20240513,301596.SZ,20250630,86.0,88.71,86.0,87.42,85.69,1.73,2.0189,11234.0,98506.972,3.2423,4.3691,0.93,66.863,67.6373,8.1919,10.9536,10.8128,0.0,0.4576,7716.53,3464.8,2571.215,674579.0526,302892.816,102.83,68.55,1.4067
301596,瑞迪智驱,机械基件,四川,20240513,301596.SZ,20250627,86.08,87.48,85.39,85.69,86.06,-0.37,-0.4299,8782.2,75439.461,2.5347,3.4156,0.73,65.5398,66.2988,8.0298,10.7368,10.5988,0.0,0.4668,7716.53,3464.8,2571.215,661229.4557,296898.712,103.27,68.85,1.4067
301596,瑞迪智驱,机械基件,四川,20240513,301596.SZ,20250626,87.4,88.0,85.86,86.06,87.41,-1.35,-1.5444,10039.87,87274.868,2.8977,3.9047,0.87,65.8228,66.5851,8.0645,10.7832,10.6445,0.0,0.4648,7716.53,3464.8,2571.215,664084.5718,298180.688,104.89,69.93,1.4067
301596,瑞迪智驱,机械基件,四川,20240513,301596.SZ,20250625,87.0,88.0,85.46,87.41,86.99,0.42,0.4828,14535.07,126123.874,4.1951,5.653,1.47,66.8554,67.6296,8.191,10.9524,10.8115,0.0,0.4576,7716.53,3464.8,2571.215,674501.8873,302858.168,104.39,69.59,1.4067
301596,瑞迪智驱,机械基件,四川,20240513,301596.SZ,20250624,83.73,87.85,83.16,86.99,83.72,3.27,3.9059,15556.07,134151.472,4.4897,6.0501,2.03,66.5341,67.3046,8.1516,10.8997,10.7596,0.0,0.4598,7716.53,3464.8,2571.215,671260.9447,301402.952,100.46,66.98,1.4067
301596,瑞迪智驱,机械基件,四川,20240513,301596.SZ,20250623,79.39,83.97,78.29,83.72,79.6,4.12,5.1759,11254.8,92036.255,3.2483,4.3772,1.81,64.0331,64.7746,7.8452,10.49,10.3551,0.0,0.4778,7716.53,3464.8,2571.215,646027.8916,290073.056,95.52,63.68,1.4067
301596,瑞迪智驱,机械基件,四川,20240513,301596.SZ,20250620,82.46,82.97,79.5,79.6,83.06,-3.46,-4.1657,8826.13,71179.694,2.5474,3.4327,1.63,60.8819,61.587,7.4591,9.9738,9.8455,0.0,0.5025,7716.53,3464.8,2571.215,614235.788,275798.08,99.67,66.45,1.4067
301596,瑞迪智驱,机械基件,四川,20240513,301596.SZ,20250619,120.0,121.29,116.5,116.84,120.13,-3.29,-2.7387,7569.89,90241.33,3.0587,4.1217,1.54,63.832,64.5712,7.538,10.4571,10.3226,0.0,,5511.8072,2474.8572,1836.5822,643999.5532,289162.3152,144.16,96.1,1.0
301596,瑞迪智驱,机械基件,四川,20240513,301596.SZ,20250618,117.0,120.6,116.8,120.13,117.79,2.34,1.9866,6285.0,74712.654,2.5395,3.4221,1.42,65.6294,66.3895,7.7503,10.7515,10.6133,0.0,,5511.8072,2474.8572,1836.5822,662133.3989,297304.5954,141.35,94.23,1.0
301596,瑞迪智驱,机械基件,四川,20240513,301596.SZ,20250617,117.5,119.3,116.9,117.79,117.16,0.63,0.5377,4465.0,52533.218,1.8041,2.4311,0.88,64.351,65.0963,7.5993,10.5421,10.4065,0.0,,5511.8072,2474.8572,1836.5822,649235.7701,291513.4296,140.59,93.73,1.0
301596,瑞迪智驱,机械基件,四川,20240513,301596.SZ,20250616,116.88,118.63,116.51,117.16,117.4,-0.24,-0.2044,3999.21,46988.204,1.6159,2.1775,0.7,64.0068,64.7481,7.5586,10.4857,10.3509,0.0,,5511.8072,2474.8572,1836.5822,645763.3316,289954.2696,140.88,93.92,1.0
301596,瑞迪智驱,机械基件,四川,20240513,301596.SZ,20250613,118.9,120.37,117.1,117.4,118.95,-1.55,-1.3031,4700.0,55631.553,1.8991,2.5591,0.81,64.138,64.8807,7.5741,10.5072,10.3721,0.0,,5511.8072,2474.8572,1836.5822,647086.1653,290548.2353,142.74,95.16,1.0
301596,瑞迪智驱,机械基件,四川,20240513,301596.SZ,20250612,118.0,120.49,116.01,118.95,118.21,0.74,0.626,5191.0,61788.525,2.0975,2.8264,0.85,64.9848,65.7373,7.6741,10.6459,10.509,0.0,,5511.8072,2474.8572,1836.5822,655629.4664,294384.2639,141.85,94.57,1.0
301596,瑞迪智驱,机械基件,四川,20240513,301596.SZ,20250611,118.9,119.07,117.0,118.21,118.01,0.2,0.1695,3772.0,44677.606,1.5241,2.0538,0.6,64.5805,65.3284,7.6264,10.5797,10.4436,0.0,,5511.8072,2474.8572,1836.5822,651550.7291,292552.8696,141.61,94.41,1.0
301596,瑞迪智驱,机械基件,四川,20240513,301596.SZ,20250610,120.58,120.58,115.63,118.01,120.12,-2.11,-1.7566,7693.0,90536.391,3.1085,4.1888,1.39,64.4712,65.2178,7.6135,10.5618,10.426,0.0,,5511.8072,2474.8572,1836.5822,650448.3677,292057.8982,144.14,96.1,1.0
301596,瑞迪智驱,机械基件,四川,20240513,301596.SZ,20250609,121.65,122.55,119.7,120.12,121.45,-1.33,-1.0951,7229.0,87351.564,2.921,3.9361,1.28,65.624,66.3839,7.7496,10.7506,10.6124,0.0,,5511.8072,2474.8572,1836.5822,662078.2809,297279.8469,145.74,97.16,1.0
301596,瑞迪智驱,机械基件,四川,20240513,301596.SZ,20250606,123.0,123.01,120.6,121.45,123.1,-1.65,-1.3404,5158.0,62580.793,2.0842,2.8085,0.81,66.3506,67.1189,7.8354,10.8697,10.7299,0.0,,5511.8072,2474.8572,1836.5822,669408.9844,300571.4069,147.72,98.48,1.0
301596,瑞迪智驱,机械基件,四川,20240513,301596.SZ,20250605,120.83,123.68,119.02,123.1,120.86,2.24,1.8534,6791.0,82638.598,2.744,3.6976,1.02,67.252,68.0308,7.9419,11.0173,10.8757,0.0,,5511.8072,2474.8572,1836.5822,678503.4663,304654.9213,145.03,96.69,1.0
301596,瑞迪智驱,机械基件,四川,20240513,301596.SZ,20250604,119.51,122.16,119.51,120.86,120.08,0.78,0.6496,4438.0,53685.587,1.7932,2.4164,0.61,66.0282,66.7929,7.7974,10.8169,10.6778,0.0,,5511.8072,2474.8572,1836.5822,666157.0182,299111.2412,144.1,96.06,1.0
301596,瑞迪智驱,机械基件,四川,20240513,301596.SZ,20250603,118.0,121.01,117.71,120.08,119.8,0.28,0.2337,4003.0,48063.243,1.6175,2.1796,0.49,65.6021,66.3618,7.747,10.747,10.6088,0.0,,5511.8072,2474.8572,1836.5822,661857.8086,297180.8526,143.76,95.84,1.0
301596,瑞迪智驱,机械基件,四川,20240513,301596.SZ,20250530,122.91,122.91,118.34,119.8,123.67,-3.87,-3.1293,7831.98,94239.073,3.1646,4.2644,0.82,65.4491,66.2071,7.729,10.722,10.5841,0.0,,5511.8072,2474.8572,1836.5822,660314.5026,296487.8926,148.4,98.94,1.0
301596,瑞迪智驱,机械基件,四川,20240513,301596.SZ,20250529,121.0,124.5,121.0,123.67,120.86,2.81,2.325,8628.0,106286.081,3.4863,4.6979,0.96,67.5634,68.3458,7.9786,11.0683,10.926,0.0,,5511.8072,2474.8572,1836.5822,681645.1964,306065.5899,145.03,96.69,1.0
301596,瑞迪智驱,机械基件,四川,20240513,301596.SZ,20250528,123.8,124.63,120.15,120.86,123.8,-2.94,-2.3748,8386.0,102313.342,3.3885,4.5661,0.95,66.0282,66.7929,7.7974,10.8169,10.6778,0.0,,5511.8072,2474.8572,1836.5822,666157.0182,299111.2412,148.56,99.04,1.0
301596,瑞迪智驱,机械基件,四川,20240513,301596.SZ,20250527,126.0,126.36,122.6,123.8,125.89,-2.09,-1.6602,7393.0,91772.352,2.9872,4.0254,0.81,67.6344,68.4177,7.987,11.08,10.9375,0.0,,5511.8072,2474.8572,1836.5822,682361.7314,306387.3214,151.07,100.71,1.0
301596,瑞迪智驱,机械基件,四川,20240513,301596.SZ,20250526,126.13,126.41,124.09,125.89,127.4,-1.51,-1.1852,8320.0,104038.935,3.3618,4.5302,0.77,68.7762,69.5727,8.1219,11.267,11.1221,0.0,,5511.8072,2474.8572,1836.5822,693881.4084,311559.7729,152.88,101.92,1.0
301596,瑞迪智驱,机械基件,四川,20240513,301596.SZ,20250523,124.45,133.87,124.1,127.4,125.03,2.37,1.8955,15299.38,197677.714,6.1819,8.3304,1.29,69.6012,70.4072,8.2193,11.4022,11.2556,0.0,,5511.8072,2474.8572,1836.5822,702204.2373,315296.8073,150.04,100.02,1.0
301596,瑞迪智驱,机械基件,四川,20240513,301596.SZ,20250522,125.42,128.03,124.8,125.03,126.3,-1.27,-1.0055,5746.38,72421.726,2.3219,3.1288,0.39,68.3064,69.0974,8.0664,11.1901,11.0462,0.0,,5511.8072,2474.8572,1836.5822,689141.2542,309431.3957,151.56,101.04,1.0
301596,瑞迪智驱,机械基件,四川,20240513,301596.SZ,20250521,127.72,128.04,125.05,126.3,128.09,-1.79,-1.3975,7510.0,94839.322,3.0345,4.0891,0.49,69.0002,69.7993,8.1483,11.3037,11.1584,0.0,,5511.8072,2474.8572,1836.5822,696141.2494,312574.4644,153.71,102.47,1.0
301596,瑞迪智驱,机械基件,四川,20240513,301596.SZ,20250520,129.92,130.3,126.7,128.09,129.92,-1.83,-1.4086,8489.91,108863.12,3.4305,4.6227,0.52,69.9781,70.7885,8.2638,11.4639,11.3165,0.0,,5511.8072,2474.8572,1836.5822,706007.3842,317004.4587,155.9,103.94,1.0
301596,瑞迪智驱,机械基件,四川,20240513,301596.SZ,20250519,135.0,135.3,126.98,129.92,136.52,-6.6,-4.8345,17013.91,220141.112,6.8747,9.2639,1.06,70.9779,71.7999,8.3819,11.6277,11.4782,0.0,,5511.8072,2474.8572,1836.5822,716093.9914,321533.4474,163.82,109.22,1.0
301596,瑞迪智驱,机械基件,四川,20240513,301596.SZ,20250516,131.08,139.22,131.02,136.52,132.43,4.09,3.0884,20633.0,281416.8,8.337,11.2345,1.32,74.5836,75.4473,8.8077,12.2184,12.0613,0.0,,5511.8072,2474.8572,1836.5822,752471.9189,337867.5049,158.92,105.94,1.0
301596,瑞迪智驱,机械基件,四川,20240513,301596.SZ,20250515,129.9,136.17,127.28,132.43,129.01,3.42,2.651,20333.0,269170.462,8.2158,11.0711,1.31,72.3492,73.187,8.5438,11.8524,11.6999,0.0,,5511.8072,2474.8572,1836.5822,729928.6275,327745.339,154.81,103.21,1.0
301596,瑞迪智驱,机械基件,四川,20240513,301596.SZ,20250514,126.99,131.5,125.31,129.01,127.85,1.16,0.9073,10587.03,136753.585,4.2778,5.7645,0.63,70.4807,71.297,8.3232,11.5463,11.3978,0.0,,5511.8072,2474.8572,1836.5822,711078.2469,319281.3274,153.42,102.28,1.0
301596,瑞迪智驱,机械基件,四川,20240513,301596.SZ,20250513,129.0,130.88,127.0,127.85,127.85,0.0,0.0,12316.0,158759.919,4.9764,6.7059,0.67,69.847,70.6559,8.2483,11.4425,11.2953,0.0,,5511.8072,2474.8572,1836.5822,704684.5505,316410.493,153.42,102.28,1.0
301596,瑞迪智驱,机械基件,四川,20240513,301596.SZ,20250512,125.55,130.97,125.55,127.85,123.98,3.87,3.1215,16382.0,210562.9,11.8887,11.8887,0.87,69.847,70.6559,8.2483,11.4425,11.2953,0.0,,5511.8072,1377.9518,1377.9518,704684.5505,176171.1376,148.78,99.18,1.0
301596,瑞迪智驱,机械基件,四川,20240513,301596.SZ,20250509,130.02,131.0,121.05,123.98,132.08,-8.1,-6.1326,18706.03,232920.679,13.5752,13.5752,1.09,67.7327,68.5171,7.9986,11.0961,10.9534,0.0,,5511.8072,1377.9518,1377.9518,683353.8567,170838.4642,158.5,105.66,1.0
301596,瑞迪智驱,机械基件,四川,20240513,301596.SZ,20250508,127.8,134.99,126.89,132.08,127.8,4.28,3.349,19759.0,261144.677,14.3394,14.3394,1.34,72.1579,72.9936,8.5212,11.821,11.669,0.0,,5511.8072,1377.9518,1377.9518,727999.495,181999.8737,153.36,102.24,1.0
301596,瑞迪智驱,机械基件,四川,20240513,301596.SZ,20250507,129.58,131.77,125.41,127.8,128.28,-0.48,-0.3742,16937.0,217996.958,12.2914,12.2914,1.29,69.8197,70.6283,8.2451,11.438,11.2909,0.0,,5511.8072,1377.9518,1377.9518,704408.9602,176102.24,153.94,102.62,1.0
301596,瑞迪智驱,机械基件,四川,20240513,301596.SZ,20250506,125.5,129.95,123.0,128.28,123.82,4.46,3.602,19830.0,249911.575,14.3909,14.3909,1.72,70.0819,70.8935,8.2761,11.4809,11.3333,0.0,,5511.8072,1377.9518,1377.9518,707054.6276,176763.6569,148.58,99.06,1.0
301596,瑞迪智驱,机械基件,四川,20240513,301596.SZ,20250430,117.98,124.8,115.67,123.82,116.68,7.14,6.1193,18921.0,229295.046,13.7312,13.7312,1.67,67.6453,68.4287,7.9883,11.0818,10.9393,0.0,,5511.8072,1377.9518,1377.9518,682471.9675,170617.9919,140.02,93.34,1.0
301596,瑞迪智驱,机械基件,四川,20240513,301596.SZ,20250429,113.08,117.43,112.3,116.68,114.14,2.54,2.2253,10692.0,123609.769,7.7593,7.7593,1.0,63.7446,64.4828,7.5277,10.4427,10.3085,0.0,,5511.8072,1377.9518,1377.9518,643117.6641,160779.416,136.97,91.31,1.0
301596,瑞迪智驱,机械基件,四川,20240513,301596.SZ,20250428,114.29,115.87,112.86,114.14,114.3,-0.16,-0.14,7076.0,80788.94,5.1352,5.1352,0.62,62.357,63.0791,7.3638,10.2154,10.0841,0.0,,5511.8072,1377.9518,1377.9518,629117.6738,157279.4185,137.16,91.44,1.0
301596,瑞迪智驱,机械基件,四川,20240513,301596.SZ,20250425,114.88,116.0,112.6,114.3,115.53,-1.23,-1.0647,8881.0,101830.027,6.4451,6.4451,0.82,62.4444,63.1675,7.3741,10.2297,10.0982,0.0,,5511.8072,1377.9518,1377.9518,629999.563,157499.8907,138.64,92.42,1.0
301596,瑞迪智驱,机械基件,四川,20240513,301596.SZ,20250424,117.71,120.28,114.6,115.53,118.7,-3.17,-2.6706,12008.0,140597.23,8.7144,8.7144,1.2,63.1163,63.8473,7.4535,10.3398,10.2069,0.0,,5511.8072,1377.9518,1377.9518,636779.0858,159194.7715,142.44,94.96,1.0
301596,瑞迪智驱,机械基件,四川,20240513,301596.SZ,20250423,114.68,120.77,113.96,118.7,113.16,5.54,4.8957,18130.0,213680.337,13.1572,13.1572,2.25,64.8482,65.5992,7.658,10.6235,10.4869,0.0,,5511.8072,1377.9518,1377.9518,654251.5146,163562.8787,135.79,90.53,1.0
301596,瑞迪智驱,机械基件,四川,20240513,301596.SZ,20250422,114.87,115.99,112.8,113.16,115.85,-2.69,-2.322,7185.0,81783.225,5.2143,5.2143,0.84,61.8216,62.5375,7.3006,10.1277,9.9975,0.0,,5511.8072,1377.9518,1377.9518,623716.1028,155929.0257,139.02,92.68,1.0
301596,瑞迪智驱,机械基件,四川,20240513,301596.SZ,20250421,110.44,116.5,109.91,115.85,111.69,4.16,3.7246,10496.0,119235.126,7.6171,7.6171,1.16,63.2912,64.0241,7.4741,10.3685,10.2351,0.0,,5511.8072,1377.9518,1377.9518,638542.8641,159635.716,134.03,89.35,1.0
301596,瑞迪智驱,机械基件,四川,20240513,301596.SZ,20250418,112.61,114.83,111.11,111.69,113.51,-1.82,-1.6034,6561.0,73572.886,4.7614,4.7614,0.63,63.7386,61.8344,7.659,10.52,10.2736,0.0,,5511.8072,1377.9518,1377.9518,615613.7462,153903.4365,136.21,90.81,1.0
301596,瑞迪智驱,机械基件,四川,20240513,301596.SZ,20250417,114.81,116.75,113.5,113.51,114.83,-1.32,-1.1495,7561.0,86918.084,5.4871,5.4871,0.61,64.7773,62.842,7.7838,10.6914,10.441,0.0,,5511.8072,1377.9518,1377.9518,625645.2353,156411.3088,137.8,91.86,1.0
301596,瑞迪智驱,机械基件,四川,20240513,301596.SZ,20250416,116.45,117.23,113.3,114.83,116.46,-1.63,-1.3996,8435.0,97090.155,6.1214,6.1214,0.59,65.5306,63.5728,7.8743,10.8158,10.5624,0.0,,5511.8072,1377.9518,1377.9518,632920.8208,158230.2052,139.75,93.17,1.0
301596,瑞迪智驱,机械基件,四川,20240513,301596.SZ,20250415,118.68,119.48,115.06,116.46,118.28,-1.82,-1.5387,9921.0,115759.479,7.1998,7.1998,0.63,66.4608,64.4752,7.9861,10.9693,10.7124,0.0,,5511.8072,1377.9518,1377.9518,641905.0665,160476.2666,141.94,94.62,1.0
301596,瑞迪智驱,机械基件,四川,20240513,301596.SZ,20250414,116.0,120.28,115.98,118.28,114.02,4.26,3.7362,12848.0,151860.845,9.324,9.324,0.77,67.4994,65.4828,8.1109,11.1407,10.8798,0.0,,5511.8072,1377.9518,1377.9518,651936.5556,162984.1389,136.82,91.22,1.0
301596,瑞迪智驱,机械基件,四川,20240513,301596.SZ,20250411,110.24,115.85,110.07,114.02,111.82,2.2,1.9674,13660.0,155502.105,9.9133,9.9133,0.82,65.0683,63.1244,7.8187,10.7395,10.4879,0.0,,5511.8072,1377.9518,1377.9518,628456.2569,157114.0642,134.18,89.46,1.0
301596,瑞迪智驱,机械基件,四川,20240513,301596.SZ,20250410,114.52,115.9,110.0,111.82,107.17,4.65,4.3389,17186.0,194540.281,12.4721,12.4721,1.01,63.8128,61.9064,7.6679,10.5323,10.2856,0.0,,5511.8072,1377.9518,1377.9518,616330.2811,154082.5703,128.6,85.74,1.0
301596,瑞迪智驱,机械基件,四川,20240513,301596.SZ,20250409,99.0,108.5,91.9,107.17,102.98,4.19,4.0688,18380.0,187306.036,13.3386,13.3386,1.21,61.1592,59.3321,7.349,10.0943,9.8578,0.0,,5511.8072,1377.9518,1377.9518,590700.3776,147675.0944,123.58,82.38,1.0
301596,瑞迪智驱,机械基件,四川,20240513,301596.SZ,20250408,101.1,107.2,99.52,102.98,100.8,2.18,2.1627,16772.0,172679.016,12.1717,12.1717,1.13,58.7681,57.0124,7.0617,9.6996,9.4724,0.0,,5511.8072,1377.9518,1377.9518,567605.9055,141901.4764,120.96,80.64,1.0
301596,瑞迪智驱,机械基件,四川,20240513,301596.SZ,20250407,111.16,119.0,100.8,100.8,126.0,-25.2,-20.0,17527.0,189800.353,12.7196,12.7196,1.34,57.524,55.8055,6.9122,9.4943,9.2719,0.0,,5511.8072,1377.9518,1377.9518,555590.1658,138897.5414,151.2,100.8,1.0
301596,瑞迪智驱,机械基件,四川,20240513,301596.SZ,20250403,129.5,134.0,125.72,126.0,132.33,-6.33,-4.7835,13134.39,169307.706,9.5318,9.5318,1.08,71.905,69.7568,8.6402,11.8679,11.5899,0.0,,5511.8072,1377.9518,1377.9518,694487.7072,173621.9268,158.8,105.86,1.0
301596,瑞迪智驱,机械基件,四川,20240513,301596.SZ,20250402,127.12,135.55,127.12,132.33,126.22,6.11,4.8408,19179.0,252613.751,13.9185,13.9185,1.88,75.5174,73.2613,9.0743,12.4641,12.1721,0.0,,5511.8072,1377.9518,1377.9518,729377.4468,182344.3617,151.46,100.98,1.0
301596,瑞迪智驱,机械基件,四川,20240513,301596.SZ,20250401,128.52,129.32,126.13,126.22,128.98,-2.76,-2.1399,9288.0,118333.463,6.7404,6.7404,0.88,72.0306,69.8786,8.6553,11.8886,11.6101,0.0,,5511.8072,1377.9518,1377.9518,695700.3048,173925.0762,154.78,103.18,1.0
301596,瑞迪智驱,机械基件,四川,20240513,301596.SZ,20250331,131.88,132.53,123.58,128.98,134.2,-5.22,-3.8897,14791.0,187394.955,10.734,10.734,1.39,73.6056,71.4066,8.8446,12.1485,11.864,0.0,,5511.8072,1377.9518,1377.9518,710912.8927,177728.2232,161.04,107.36,1.0
301596,瑞迪智驱,机械基件,四川,20240513,301596.SZ,20250328,136.3,138.54,133.68,134.2,136.28,-2.08,-1.5263,8995.0,121787.741,6.5278,6.5278,0.68,76.5845,74.2966,9.2025,12.6402,12.3442,0.0,,5511.8072,1377.9518,1377.9518,739684.5262,184921.1316,163.54,109.02,1.0
301596,瑞迪智驱,机械基件,四川,20240513,301596.SZ,20250327,138.59,140.4,135.6,136.28,139.15,-2.87,-2.0625,8477.1,116990.834,6.152,6.152,0.54,77.7715,75.4481,9.3452,12.8361,12.5355,0.0,,5511.8072,1377.9518,1377.9518,751149.0852,187787.2713,166.98,111.32,1.0
301596,瑞迪智驱,机械基件,四川,20240513,301596.SZ,20250326,136.99,143.5,136.0,139.15,138.6,0.55,0.3968,9463.1,132890.731,6.8675,6.8675,0.49,79.4094,77.037,9.542,13.1064,12.7995,0.0,,5511.8072,1377.9518,1377.9518,766967.9719,191741.993,166.32,110.88,1.0
301596,瑞迪智驱,机械基件,四川,20240513,301596.SZ,20250325,142.19,144.0,137.53,138.6,142.18,-3.58,-2.5179,11270.0,158300.128,8.1788,8.1788,0.51,79.0955,76.7325,9.5043,13.0546,12.7489,0.0,,5511.8072,1377.9518,1377.9518,763936.4779,190984.1195,170.62,113.74,1.0
301596,瑞迪智驱,机械基件,四川,20240513,301596.SZ,20250324,142.62,146.09,137.69,142.18,143.79,-1.61,-1.1197,15046.71,212387.422,10.9196,10.9196,0.55,81.1385,78.7145,9.7498,13.3918,13.0782,0.0,,5511.8072,1377.9518,1377.9518,783668.7477,195917.1869,172.55,115.03,1.0
301596,瑞迪智驱,机械基件,四川,20240513,301596.SZ,20250321,154.0,154.0,143.01,143.79,155.67,-11.88,-7.6315,22317.0,326141.788,16.1958,16.1958,0.82,82.0573,79.6058,9.8602,13.5435,13.2263,0.0,,5511.8072,1377.9518,1377.9518,792542.7573,198135.6893,186.8,124.54,1.0
301596,瑞迪智驱,机械基件,四川,20240513,301596.SZ,20250320,162.16,162.95,153.86,155.67,162.78,-7.11,-4.3679,20862.72,326845.452,15.1404,15.1404,0.73,88.8369,86.1829,10.6748,14.6625,14.319,0.0,,5511.8072,1377.9518,1377.9518,858023.0268,214505.7567,195.34,130.22,1.0
301596,瑞迪智驱,机械基件,四川,20240513,301596.SZ,20250319,159.85,172.0,156.38,162.78,161.66,1.12,0.6928,27890.0,454118.478,20.2402,20.2402,0.95,92.8944,90.1192,11.1624,15.3321,14.973,0.0,,5511.8072,1377.9518,1377.9518,897211.976,224302.994,193.99,129.33,1.0
301596,瑞迪智驱,机械基件,四川,20240513,301596.SZ,20250318,164.0,166.64,159.0,161.66,164.98,-3.32,-2.0124,24839.0,402190.914,18.026,18.026,0.9,92.2553,89.4991,11.0856,15.2266,14.87,0.0,,5511.8072,1377.9518,1377.9518,891038.752,222759.688,197.98,131.98,1.0
301596,瑞迪智驱,机械基件,四川,20240513,301596.SZ,20250317,144.8,166.0,143.8,164.98,144.35,20.63,14.2917,42014.99,653096.835,30.4909,30.4909,1.88,94.1499,91.3372,11.3132,15.5394,15.1754,0.0,,5511.8072,1377.9518,1377.9518,909337.9519,227334.488,173.22,115.48,1.0
301596,瑞迪智驱,机械基件,四川,20240513,301596.SZ,20250314,137.2,145.33,135.1,144.35,138.46,5.89,4.2539,20554.96,288605.038,14.917,14.917,0.9,82.3769,79.9159,9.8986,13.5962,13.2778,0.0,,5511.8072,1377.9518,1377.9518,795629.3693,198907.3423,166.15,110.77,1.0
301596,瑞迪智驱,机械基件,四川,20240513,301596.SZ,20250313,151.0,153.0,136.68,138.46,153.55,-15.09,-9.8274,28249.0,404341.123,20.5007,20.5007,1.33,79.0156,76.655,9.4947,13.0415,12.736,0.0,,5511.8072,1377.9518,1377.9518,763164.8249,190791.2062,184.26,122.84,1.0
301596,瑞迪智驱,机械基件,四川,20240513,301596.SZ,20250312,147.0,155.5,145.0,153.55,146.22,7.33,5.013,31879.0,481798.184,23.1351,23.1351,1.73,87.6271,85.0092,10.5294,14.4628,14.124,0.0,,5511.8072,1377.9518,1377.9518,846337.9956,211584.4989,175.46,116.98,1.0
301596,瑞迪智驱,机械基件,四川,20240513,301596.SZ,20250311,143.0,148.5,142.6,146.22,146.0,0.22,0.1507,14900.91,216159.506,10.8138,10.8138,0.72,83.444,80.9511,10.0268,13.7724,13.4498,0.0,,5511.8072,1377.9518,1377.9518,805936.4488,201484.1122,175.2,116.8,1.0
301596,瑞迪智驱,机械基件,四川,20240513,301596.SZ,20250310,149.0,149.5,143.01,146.0,148.8,-2.8,-1.8817,16224.0,237204.62,11.774,11.774,0.77,83.3185,80.8293,10.0117,13.7516,13.4296,0.0,,5511.8072,1377.9518,1377.9518,804723.8512,201180.9628,178.56,119.04,1.0
301596,瑞迪智驱,机械基件,四川,20240513,301596.SZ,20250307,145.0,154.07,143.38,148.8,145.6,3.2,2.1978,23283.0,347345.334,16.8968,16.8968,1.03,84.9164,82.3795,10.2037,14.0154,13.6871,0.0,,5511.8072,1377.9518,1377.9518,820156.9114,205039.2278,174.72,116.48,1.0
301596,瑞迪智驱,机械基件,四川,20240513,301596.SZ,20250306,147.5,152.15,145.0,145.6,143.99,1.61,1.1181,20182.18,298049.991,14.6465,14.6465,0.8,83.0902,80.6079,9.9843,13.714,13.3928,0.0,,5511.8072,1377.9518,1377.9518,802519.1283,200629.7821,172.79,115.19,1.0
301596,瑞迪智驱,机械基件,四川,20240513,301596.SZ,20250305,142.69,145.88,140.51,143.99,143.17,0.82,0.5727,17495.0,250849.234,12.6964,12.6964,0.57,82.1714,79.7166,9.8739,13.5623,13.2447,0.0,,5511.8072,1377.9518,1377.9518,793645.1187,198411.2797,171.8,114.54,1.0
301596,瑞迪智驱,机械基件,四川,20240513,301596.SZ,20250304,133.0,145.66,132.2,143.17,133.73,9.44,7.059,26231.98,368374.378,19.0369,19.0369,0.88,81.7035,79.2626,9.8176,13.4851,13.1692,0.0,,5511.8072,1377.9518,1377.9518,789125.4368,197281.3592,160.48,106.98,1.0
301596,瑞迪智驱,机械基件,四川,20240513,301596.SZ,20250303,135.5,137.45,132.0,133.73,135.56,-1.83,-1.35,18625.44,251153.692,13.5168,13.5168,0.59,76.3163,74.0364,9.1703,12.5959,12.3009,0.0,,5511.8072,1377.9518,1377.9518,737093.9769,184273.4942,162.67,108.45,1.0
301596,瑞迪智驱,机械基件,四川,20240513,301596.SZ,20250228,149.99,150.87,135.01,135.56,152.31,-16.75,-10.9973,30646.6,429428.156,22.2407,22.2407,0.98,77.3607,75.0495,9.2958,12.7683,12.4692,0.0,,5511.8072,1377.9518,1377.9518,747180.584,186795.146,182.77,121.85,1.0
301596,瑞迪智驱,机械基件,四川,20240513,301596.SZ,20250227,151.82,157.95,147.02,152.31,153.0,-0.69,-0.451,32550.73,497915.672,23.6225,23.6225,1.03,86.9195,84.3227,10.4444,14.346,14.01,0.0,,5511.8072,1377.9518,1377.9518,839503.3546,209875.8387,183.6,122.4,1.0
301596,瑞迪智驱,机械基件,四川,20240513,301596.SZ,20250226,146.58,159.0,144.85,153.0,144.85,8.15,5.6265,45209.18,692952.472,32.809,32.809,1.46,87.3132,84.7047,10.4917,14.411,14.0734,0.0,,5511.8072,1377.9518,1377.9518,843306.5016,210826.6254,173.82,115.88,1.0
301596,瑞迪智驱,机械基件,四川,20240513,301596.SZ,20250225,144.02,148.88,142.9,144.85,147.47,-2.62,-1.7766,22210.0,322752.752,16.1181,16.1181,0.69,82.6622,80.1927,9.9329,13.6433,13.3238,0.0,,5511.8072,1377.9518,1377.9518,798385.2729,199596.3182,176.96,117.98,1.0
301596,瑞迪智驱,机械基件,四川,20240513,301596.SZ,20250224,149.0,152.59,143.0,147.47,151.45,-3.98,-2.6279,26995.13,398038.331,19.5908,19.5908,0.78,84.1574,81.6432,10.1125,13.8901,13.5648,0.0,,5511.8072,1377.9518,1377.9518,812826.2078,203206.5519,181.74,121.16,1.0
301596,瑞迪智驱,机械基件,四川,20240513,301596.SZ,20250221,148.0,152.73,145.5,151.45,149.73,1.72,1.1487,29427.82,438482.65,21.3562,21.3562,0.81,86.4287,83.8466,10.3854,14.265,13.9309,0.0,,5511.8072,1377.9518,1377.9518,834763.2004,208690.8001,179.68,119.78,1.0
301596,瑞迪智驱,机械基件,四川,20240513,301596.SZ,20250220,152.99,153.06,146.5,149.73,156.2,-6.47,-4.1421,34165.0,511820.748,24.794,24.794,0.88,85.4471,82.8944,10.2675,14.103,13.7727,0.0,,5511.8072,1377.9518,1377.9518,825282.8921,206320.723,187.44,124.96,1.0
301596,瑞迪智驱,机械基件,四川,20240513,301596.SZ,20250219,141.0,159.5,141.0,156.2,143.2,13.0,9.0782,41659.0,637684.716,30.2326,30.2326,0.99,89.1394,86.4763,10.7112,14.7124,14.3678,0.0,,5511.8072,1377.9518,1377.9518,860944.2846,215236.0712,171.84,114.56,1.0
301596,瑞迪智驱,机械基件,四川,20240513,301596.SZ,20250218,149.53,149.94,142.48,143.2,153.0,-9.8,-6.4052,28241.0,411064.241,20.4949,20.4949,0.6,81.7206,79.2792,9.8197,13.4879,13.172,0.0,,5511.8072,1377.9518,1377.9518,789290.791,197322.6978,183.6,122.4,1.0
301596,瑞迪智驱,机械基件,四川,20240513,301596.SZ,20250217,143.88,153.84,143.39,153.0,145.57,7.43,5.1041,38896.07,579274.056,28.2275,28.2275,0.71,87.3132,84.7047,10.4917,14.411,14.0734,0.0,,5511.8072,1377.9518,1377.9518,843306.5016,210826.6254,174.68,116.46,1.0
301596,瑞迪智驱,机械基件,四川,20240513,301596.SZ,20250214,149.88,150.0,143.4,145.57,151.13,-5.56,-3.679,37787.81,551267.961,27.4232,27.4232,0.61,83.0731,80.5913,9.9822,13.7111,13.39,0.0,,5511.8072,1377.9518,1377.9518,802353.7741,200588.4435,181.36,120.9,1.0
301596,瑞迪智驱,机械基件,四川,20240513,301596.SZ,20250213,160.6,167.08,151.13,151.13,163.03,-11.9,-7.2993,48290.74,762313.028,35.0453,35.0453,0.8,86.2461,83.6694,10.3635,14.2348,13.9014,0.0,,5511.8072,1377.9518,1377.9518,832999.4221,208249.8555,195.64,130.42,1.0
301596,瑞迪智驱,机械基件,四川,20240513,301596.SZ,20250212,152.0,173.01,148.38,163.03,153.68,9.35,6.0841,56615.75,913618.385,41.0869,41.0869,1.05,93.0371,90.2576,11.1795,15.3557,14.996,0.0,,5511.8072,1377.9518,1377.9518,898589.9278,224647.482,184.42,122.94,1.0
301596,瑞迪智驱,机械基件,四川,20240513,301596.SZ,20250211,156.0,161.28,151.5,153.68,159.01,-5.33,-3.352,53173.01,825663.266,38.5884,38.5884,1.11,87.7013,85.0812,10.5384,14.475,14.136,0.0,,5511.8072,1377.9518,1377.9518,847054.5305,211763.6326,190.81,127.21,1.0
301596,瑞迪智驱,机械基件,四川,20240513,301596.SZ,20250210,135.0,166.0,132.99,159.01,139.08,19.93,14.3299,76524.24,1144641.209,55.5348,55.5348,2.01,90.743,88.032,10.9039,14.977,14.6263,0.0,,5511.8072,1377.9518,1377.9518,876432.4629,219108.1157,166.9,111.26,1.0
301596,瑞迪智驱,机械基件,四川,20240513,301596.SZ,20250207,122.8,146.3,121.0,139.08,121.92,17.16,14.0748,73158.42,986353.424,53.0921,53.0921,2.51,79.3694,76.9983,9.5372,13.0999,12.793,0.0,,5511.8072,1377.9518,1377.9518,766582.1454,191645.5363,146.3,97.54,1.0
301596,瑞迪智驱,机械基件,四川,20240513,301596.SZ,20250206,108.95,128.4,108.3,121.92,109.88,12.04,10.9574,42282.38,511858.906,30.6849,30.6849,1.73,69.5767,67.498,8.3605,11.4836,11.2146,0.0,,5511.8072,1377.9518,1377.9518,671999.5338,167999.8835,131.86,87.9,1.0
301596,瑞迪智驱,机械基件,四川,20240513,301596.SZ,20250205,104.51,114.5,104.51,109.88,104.21,5.67,5.4409,25518.0,279033.996,18.5188,18.5188,1.04,62.7057,60.8324,7.5348,10.3495,10.1071,0.0,,5511.8072,1377.9518,1377.9518,605637.3751,151409.3438,125.05,83.37,1.0
301596,瑞迪智驱,机械基件,四川,20240513,301596.SZ,20250127,109.99,110.05,104.11,104.21,109.99,-5.78,-5.255,21348.0,225490.688,15.4926,15.4926,0.83,59.47,57.6933,7.146,9.8155,9.5856,0.0,,5511.8072,1377.9518,1377.9518,574385.4283,143596.3571,131.99,87.99,1.0
301596,瑞迪智驱,机械基件,四川,20240513,301596.SZ,20250124,106.0,110.46,104.66,109.99,107.41,2.58,2.402,28075.38,303906.16,20.3747,20.3747,1.0,62.7685,60.8933,7.5424,10.3599,10.1172,0.0,,5511.8072,1377.9518,1377.9518,606243.6739,151560.9185,128.89,85.93,1.0
301596,瑞迪智驱,机械基件,四川,20240513,301596.SZ,20250123,104.56,110.28,103.02,107.41,103.75,3.66,3.5277,28346.0,304854.13,20.5711,20.5711,1.09,61.2962,59.4649,7.3655,10.1169,9.8799,0.0,,5511.8072,1377.9518,1377.9518,592023.2114,148005.8028,124.5,83.0,1.0
301596,瑞迪智驱,机械基件,四川,20240513,301596.SZ,20250122,106.15,106.94,103.0,103.75,108.1,-4.35,-4.0241,19108.0,200146.978,13.867,13.867,0.72,59.2075,57.4387,7.1145,9.7721,9.5433,0.0,,5511.8072,1377.9518,1377.9518,571849.997,142962.4993,129.72,86.48,1.0
301596,瑞迪智驱,机械基件,四川,20240513,301596.SZ,20250121,105.8,108.28,104.23,108.1,105.38,2.72,2.5811,26231.0,280097.495,19.0362,19.0362,0.92,61.6899,59.8469,7.4128,10.1819,9.9434,0.0,,5511.8072,1377.9518,1377.9518,595826.3583,148956.5896,126.46,84.3,1.0
301596,瑞迪智驱,机械基件,四川,20240513,301596.SZ,20250120,110.5,111.05,105.28,105.38,109.48,-4.1,-3.745,27094.54,289175.266,19.6629,19.6629,0.95,60.1377,58.3411,7.2263,9.9257,9.6932,0.0,,5511.8072,1377.9518,1377.9518,580834.2427,145208.5607,131.38,87.58,1.0
301596,瑞迪智驱,机械基件,四川,20240513,301596.SZ,20250117,101.18,111.41,101.18,109.48,102.5,6.98,6.8098,38935.26,420454.402,28.2559,28.2559,1.43,62.4775,60.6109,7.5074,10.3118,10.0703,0.0,,5511.8072,1377.9518,1377.9518,603432.6523,150858.1631,123.0,82.0,1.0
301596,瑞迪智驱,机械基件,四川,20240513,301596.SZ,20250116,105.6,107.2,101.69,102.5,104.96,-2.46,-2.3438,18785.0,196109.022,13.6326,13.6326,0.7,58.4941,56.7466,7.0288,9.6544,9.4283,0.0,,5511.8072,1377.9518,1377.9518,564960.238,141240.0595,125.95,83.97,1.0
301596,瑞迪智驱,机械基件,四川,20240513,301596.SZ,20250115,107.0,108.55,104.2,104.96,106.44,-1.48,-1.3905,22362.0,236307.739,16.2284,16.2284,0.89,59.898,58.1085,7.1975,9.8861,9.6546,0.0,,5511.8072,1377.9518,1377.9518,578519.2837,144629.8209,127.73,85.15,1.0
301596,瑞迪智驱,机械基件,四川,20240513,301596.SZ,20250114,98.56,106.57,98.56,106.44,99.05,7.39,7.4609,34981.0,362582.257,25.3862,25.3862,1.75,60.7426,58.9279,7.2989,10.0255,9.7907,0.0,,5511.8072,1377.9518,1377.9518,586676.7584,146669.1896,118.86,79.24,1.0
301596,瑞迪智驱,机械基件,四川,20240513,301596.SZ,20250113,97.3,106.68,97.3,99.05,100.91,-1.86,-1.8432,28160.8,286855.624,20.4367,20.4367,1.69,56.5253,54.8366,6.7922,9.3295,9.1109,0.0,,5511.8072,1377.9518,1377.9518,545944.5032,136486.1258,121.09,80.73,1.0
301596,瑞迪智驱,机械基件,四川,20240513,301596.SZ,20250110,95.18,109.87,95.18,100.91,96.3,4.61,4.7871,31606.76,324929.029,22.9375,22.9375,2.45,57.5868,55.8664,6.9197,9.5046,9.282,0.0,,5511.8072,1377.9518,1377.9518,556196.4646,139049.1161,115.56,77.04,1.0
301596,瑞迪智驱,机械基件,四川,20240513,301596.SZ,20250109,93.79,98.3,93.15,96.3,94.79,1.51,1.593,16537.0,158281.244,12.0011,12.0011,1.43,54.956,53.3141,6.6036,9.0704,8.858,0.0,,5511.8072,1377.9518,1377.9518,530787.0334,132696.7583,113.75,75.83,1.0
301596,瑞迪智驱,机械基件,四川,20240513,301596.SZ,20250108,92.0,96.68,89.7,94.79,92.04,2.75,2.9878,14920.0,139270.196,10.8277,10.8277,1.36,54.0942,52.4782,6.5001,8.9282,8.7191,0.0,,5511.8072,1377.9518,1377.9518,522464.2045,130616.0511,110.45,73.63,1.0
301596,瑞迪智驱,机械基件,四川,20240513,301596.SZ,20250107,88.8,92.36,88.8,92.04,88.59,3.45,3.8943,8846.0,80119.663,6.4197,6.4197,0.78,52.5249,50.9557,6.3115,8.6692,8.4661,0.0,,5511.8072,1377.9518,1377.9518,507306.7347,126826.6837,106.31,70.87,1.0
301596,瑞迪智驱,机械基件,四川,20240513,301596.SZ,20250106,89.8,91.19,87.26,88.59,90.4,-1.81,-2.0022,11174.0,99335.061,8.1091,8.1091,0.91,50.5561,49.0457,6.0749,8.3442,8.1488,0.0,,5511.8072,1377.9518,1377.9518,488290.9998,122072.75,108.48,72.32,1.0
301596,瑞迪智驱,机械基件,四川,20240513,301596.SZ,20250103,98.78,99.9,90.4,90.4,98.55,-8.15,-8.2699,13152.07,123786.102,9.5447,9.5447,0.96,51.589,50.0478,6.199,8.5147,8.3153,0.0,,5511.8072,1377.9518,1377.9518,498267.3709,124566.8427,118.26,78.84,1.0
301596,瑞迪智驱,机械基件,四川,20240513,301596.SZ,20250102,99.89,102.3,97.11,98.55,100.0,-1.45,-1.45,9780.0,97018.065,7.0975,7.0975,0.69,56.24,54.5598,6.7579,9.2824,9.0649,0.0,,5511.8072,1377.9518,1377.9518,543188.5996,135797.1499,120.0,80.0,1.0
301596,瑞迪智驱,机械基件,四川,20240513,301596.SZ,20241231,103.53,104.5,100.0,100.0,104.14,-4.14,-3.9754,11883.0,120548.666,8.6237,8.6237,0.88,57.0675,55.3626,6.8573,9.4189,9.1983,,,5511.8072,1377.9518,1377.9518,551180.72,137795.18,124.97,83.31,1.0
301596,瑞迪智驱,机械基件,四川,20240513,301596.SZ,20241230,104.46,107.5,101.71,104.14,105.52,-1.38,-1.3078,10708.0,111949.861,7.771,7.771,0.77,59.4301,57.6546,7.1412,9.8089,9.5791,,,5511.8072,1377.9518,1377.9518,573999.6018,143499.9005,126.62,84.42,1.0
301596,瑞迪智驱,机械基件,四川,20240513,301596.SZ,20241227,109.0,111.57,105.02,105.52,109.77,-4.25,-3.8717,15866.0,170276.59,11.5142,11.5142,1.14,60.2176,58.4186,7.2359,9.9389,9.7061,,,5511.8072,1377.9518,1377.9518,581605.8957,145401.4739,131.72,87.82,1.0
301596,瑞迪智驱,机械基件,四川,20240513,301596.SZ,20241226,103.5,109.99,101.22,109.77,103.5,6.27,6.058,20185.07,217329.949,14.6486,14.6486,1.6,62.643,60.7715,7.5273,10.3392,10.097,,,5511.8072,1377.9518,1377.9518,605031.0763,151257.7691,124.2,82.8,1.0
301596,瑞迪智驱,机械基件,四川,20240513,301596.SZ,20241225,101.62,105.85,101.62,103.5,102.86,0.64,0.6222,12246.0,126910.868,8.8871,8.8871,1.0,59.0648,57.3003,7.0973,9.7486,9.5203,,,5511.8072,1377.9518,1377.9518,570472.0452,142618.0113,123.43,82.29,1.0
301596,瑞迪智驱,机械基件,四川,20240513,301596.SZ,20241224,102.94,103.98,100.13,102.86,100.64,2.22,2.2059,8389.0,85804.058,6.088,6.088,0.66,58.6996,56.9459,7.0535,9.6883,9.4614,,,5511.8072,1377.9518,1377.9518,566944.4886,141736.1221,120.77,80.51,1.0
301596,瑞迪智驱,机械基件,四川,20240513,301596.SZ,20241223,106.35,106.87,100.18,100.64,106.5,-5.86,-5.5023,12464.0,128019.461,9.0453,9.0453,0.96,57.4327,55.7169,6.9012,9.4792,9.2572,,,5511.8072,1377.9518,1377.9518,554708.2766,138677.0692,127.8,85.2,1.0
301596,瑞迪智驱,机械基件,四川,20240513,301596.SZ,20241220,103.8,108.38,102.1,106.5,103.18,3.32,3.2177,16558.0,176395.993,12.0164,12.0164,1.27,60.7768,58.9611,7.3031,10.0312,9.7962,,,5511.8072,1377.9518,1377.9518,587007.4668,146751.8667,123.82,82.54,1.0
301596,瑞迪智驱,机械基件,四川,20240513,301596.SZ,20241219,99.98,105.19,99.6,103.18,102.49,0.69,0.6732,13479.0,139281.264,9.7819,9.7819,0.93,58.8822,57.1231,7.0754,9.7185,9.4908,,,5511.8072,1377.9518,1377.9518,568708.2669,142177.0667,122.99,81.99,1.0
301596,瑞迪智驱,机械基件,四川,20240513,301596.SZ,20241218,101.89,104.6,100.28,102.49,101.88,0.61,0.5987,10256.0,104855.6,7.4429,7.4429,0.59,58.4884,56.7411,7.0281,9.6535,9.4274,,,5511.8072,1377.9518,1377.9518,564905.1199,141226.28,122.26,81.5,1.0
301596,瑞迪智驱,机械基件,四川,20240513,301596.SZ,20241217,105.8,105.8,101.5,101.88,105.8,-3.92,-3.7051,11008.0,113316.174,7.9887,7.9887,0.48,58.1403,56.4034,6.9863,9.596,9.3713,,,5511.8072,1377.9518,1377.9518,561542.9175,140385.7294,126.96,84.64,1.0
301596,瑞迪智驱,机械基件,四川,20240513,301596.SZ,20241216,108.98,108.98,104.21,105.8,109.21,-3.41,-3.1224,13491.0,143247.509,9.7906,9.7906,0.51,60.3774,58.5736,7.2551,9.9652,9.7318,,,5511.8072,1377.9518,1377.9518,583149.2018,145787.3004,131.05,87.37,1.0
301596,瑞迪智驱,机械基件,四川,20240513,301596.SZ,20241213,112.81,114.0,109.02,109.21,113.88,-4.67,-4.1008,16894.0,188171.186,12.2602,12.2602,0.58,62.3234,60.4615,7.4889,10.2864,10.0455,,,5511.8072,1377.9518,1377.9518,601944.4643,150486.1161,136.66,91.1,1.0
301596,瑞迪智驱,机械基件,四川,20240513,301596.SZ,20241212,116.8,117.95,113.38,113.88,118.7,-4.82,-4.0607,21126.0,242622.796,15.3315,15.3315,0.64,64.9884,63.0469,7.8091,10.7263,10.4751,,,5511.8072,1377.9518,1377.9518,627684.6039,156921.151,142.44,94.96,1.0
301596,瑞迪智驱,机械基件,四川,20240513,301596.SZ,20241211,117.03,119.6,113.66,118.7,118.59,0.11,0.0928,25030.0,291337.564,18.1646,18.1646,0.66,67.7391,65.7154,8.1397,11.1803,10.9184,,,5511.8072,1377.9518,1377.9518,654251.5146,163562.8787,142.31,94.87,1.0
301596,瑞迪智驱,机械基件,四川,20240513,301596.SZ,20241210,125.0,129.45,117.5,118.59,120.0,-1.41,-1.175,38541.58,475168.44,27.9702,27.9702,1.08,67.6763,65.6545,8.1321,11.1699,10.9083,,,5511.8072,1377.9518,1377.9518,653645.2158,163411.304,144.0,96.0,1.0
301596,瑞迪智驱,机械基件,四川,20240513,301596.SZ,20241209,113.0,121.85,112.49,120.0,114.39,5.61,4.9043,31422.5,371334.237,22.8038,22.8038,0.85,68.481,66.4351,8.2288,11.3027,11.038,,,5511.8072,1377.9518,1377.9518,661416.864,165354.216,137.27,91.51,1.0
301596,瑞迪智驱,机械基件,四川,20240513,301596.SZ,20241206,117.0,117.89,110.59,114.39,118.53,-4.14,-3.4928,30436.53,345540.627,22.0882,22.0882,0.79,65.2795,63.3292,7.8441,10.7743,10.522,,,5511.8072,1377.9518,1377.9518,630495.6256,157623.9064,142.24,94.82,1.0
301596,瑞迪智驱,机械基件,四川,20240513,301596.SZ,20241205,120.0,126.15,115.0,118.53,119.61,-1.08,-0.9029,39203.04,466663.546,28.4502,28.4502,1.19,67.6421,65.6212,8.128,11.1643,10.9028,,,5511.8072,1377.9518,1377.9518,653314.5074,163328.6269,143.53,95.69,1.0
301596,瑞迪智驱,机械基件,四川,20240513,301596.SZ,20241204,108.96,130.88,108.88,119.61,111.45,8.16,7.3217,48934.38,578653.175,35.5124,35.5124,1.88,68.2584,66.2192,8.2021,11.266,11.0021,,,5511.8072,1377.9518,1377.9518,659267.2592,164816.8148,133.74,89.16,1.0
301596,瑞迪智驱,机械基件,四川,20240513,301596.SZ,20241203,107.98,115.55,107.98,111.45,110.4,1.05,0.9511,28471.04,320131.438,20.6619,20.6619,1.22,63.6017,61.7016,7.6425,10.4974,10.2515,,,5511.8072,1377.9518,1377.9518,614290.9124,153572.7281,132.48,88.32,1.0
301596,瑞迪智驱,机械基件,四川,20240513,301596.SZ,20241202,104.97,115.77,103.59,110.4,106.01,4.39,4.1411,38798.0,429530.833,28.1563,28.1563,2.01,63.0025,61.1203,7.5705,10.3985,10.1549,,,5511.8072,1377.9518,1377.9518,608503.5149,152125.8787,127.21,84.81,1.0
301596,瑞迪智驱,机械基件,四川,20240513,301596.SZ,20241129,97.31,109.97,96.57,106.01,97.3,8.71,8.9517,36675.0,380607.379,26.6156,26.6156,2.35,60.4972,58.6899,7.2695,9.985,9.7511,,,5511.8072,1377.9518,1377.9518,584306.6813,146076.6703,116.76,77.84,1.0
301596,瑞迪智驱,机械基件,四川,20240513,301596.SZ,20241128,99.9,99.9,96.88,97.3,100.2,-2.9,-2.8942,12161.0,119334.575,8.8254,8.8254,0.67,55.5266,53.8678,6.6722,9.1646,8.95,,,5511.8072,1377.9518,1377.9518,536298.8406,134074.7101,120.24,80.16,1.0
301596,瑞迪智驱,机械基件,四川,20240513,301596.SZ,20241127,99.0,100.33,95.59,100.2,99.38,0.82,0.8251,14344.0,140266.812,10.4097,10.4097,0.65,57.1816,55.4733,6.8711,9.4378,9.2167,,,5511.8072,1377.9518,1377.9518,552283.0814,138070.7704,119.26,79.5,1.0
301596,瑞迪智驱,机械基件,四川,20240513,301596.SZ,20241126,103.6,103.8,99.36,99.38,103.48,-4.1,-3.9621,15068.0,151958.408,10.9351,10.9351,0.62,56.7136,55.0193,6.8148,9.3605,9.1413,,,5511.8072,1377.9518,1377.9518,547763.3995,136940.8499,124.18,82.78,1.0
301596,瑞迪智驱,机械基件,四川,20240513,301596.SZ,20241125,104.2,105.6,100.6,103.48,105.1,-1.62,-1.5414,18150.0,185783.779,13.1717,13.1717,0.74,59.0534,57.2892,7.096,9.7467,9.5184,,,5511.8072,1377.9518,1377.9518,570361.8091,142590.4523,126.12,84.08,1.0
301596,瑞迪智驱,机械基件,四川,20240513,301596.SZ,20241122,110.0,111.97,105.0,105.1,111.04,-5.94,-5.3494,18254.13,197835.786,13.2473,13.2473,0.68,59.9779,58.1861,7.2071,9.8993,9.6674,,,5511.8072,1377.9518,1377.9518,579290.9367,144822.7342,133.25,88.83,1.0
301596,瑞迪智驱,机械基件,四川,20240513,301596.SZ,20241121,110.08,113.93,108.58,111.04,114.17,-3.13,-2.7415,24869.38,276766.93,18.0481,18.0481,0.82,63.3677,61.4746,7.6144,10.4588,10.2138,,,5511.8072,1377.9518,1377.9518,612031.0715,153007.7679,137.0,91.34,1.0
301596,瑞迪智驱,机械基件,四川,20240513,301596.SZ,20241120,109.98,119.0,108.07,114.17,109.98,4.19,3.8098,34291.43,393268.692,24.8858,24.8858,1.19,65.1539,63.2074,7.829,10.7536,10.5017,,,5511.8072,1377.9518,1377.9518,629283.028,157320.757,131.98,87.98,1.0
301596,瑞迪智驱,机械基件,四川,20240513,301596.SZ,20241119,103.37,110.5,103.01,109.98,103.38,6.6,6.3842,26891.32,287887.957,19.5154,19.5154,0.93,62.7628,60.8877,7.5417,10.3589,10.1163,,,5511.8072,1377.9518,1377.9518,606188.5559,151547.139,124.06,82.7,1.0
301596,瑞迪智驱,机械基件,四川,20240513,301596.SZ,20241118,106.0,107.0,101.65,103.38,104.85,-1.47,-1.402,18571.0,192945.026,13.4772,13.4772,0.57,58.9963,57.2338,7.0891,9.7373,9.5092,,,5511.8072,1377.9518,1377.9518,569810.6283,142452.6571,125.82,83.88,1.0
301596,瑞迪智驱,机械基件,四川,20240513,301596.SZ,20241115,111.02,114.69,104.78,104.85,114.02,-9.17,-8.0424,30042.58,328225.022,21.8023,21.8023,0.79,59.8352,58.0476,7.1899,9.8758,9.6444,,,5511.8072,1377.9518,1377.9518,577912.9849,144478.2462,136.82,91.22,1.0
301596,瑞迪智驱,机械基件,四川,20240513,301596.SZ,20241114,116.2,121.56,113.08,114.02,115.99,-1.97,-1.6984,40970.57,484927.268,29.7329,29.7329,0.98,65.0683,63.1244,7.8187,10.7395,10.4879,,,5511.8072,1377.9518,1377.9518,628456.2569,157114.0642,139.19,92.79,1.0
301596,瑞迪智驱,机械基件,四川,20240513,301596.SZ,20241113,112.89,115.99,108.01,115.99,113.61,2.38,2.0949,27254.37,306005.745,19.7789,19.7789,0.5,66.1926,64.215,7.9538,10.925,10.6691,,,5511.8072,1377.9518,1377.9518,639314.5171,159828.6293,136.33,90.89,1.0
301596,瑞迪智驱,机械基件,四川,20240513,301596.SZ,20241112,116.52,117.8,111.81,113.61,117.11,-3.5,-2.9886,27465.25,313236.601,19.9319,19.9319,0.42,64.8343,62.8974,7.7906,10.7008,10.4502,,,5511.8072,1377.9518,1377.9518,626196.416,156549.104,140.53,93.69,1.0
301596,瑞迪智驱,机械基件,四川,20240513,301596.SZ,20241111,110.96,119.37,110.77,117.11,116.5,0.61,0.5236,37418.22,432314.934,27.155,27.155,0.57,66.8317,64.8351,8.0306,11.0305,10.7722,,,5511.8072,1377.9518,1377.9518,645487.7412,161371.9353,139.8,93.2,1.0
301596,瑞迪智驱,机械基件,四川,20240513,301596.SZ,20241108,116.56,125.9,115.1,116.5,119.56,-3.06,-2.5594,56682.31,681540.295,41.1352,41.1352,0.81,66.4836,64.4974,7.9888,10.9731,10.716,,,5511.8072,1377.9518,1377.9518,642125.5388,160531.3847,143.47,95.65,1.0
301596,瑞迪智驱,机械基件,四川,20240513,301596.SZ,20241107,122.75,128.38,114.56,119.56,124.61,-5.05,-4.0526,60816.75,718213.503,44.1356,44.1356,1.01,68.2299,66.1915,8.1986,11.2613,10.9975,,,5511.8072,1377.9518,1377.9518,658991.6688,164747.9172,149.53,99.69,1.0
301596,瑞迪智驱,机械基件,四川,20240513,301596.SZ,20241106,128.38,145.0,117.0,124.61,128.38,-3.77,-2.9366,92428.97,1222620.518,67.0771,67.0771,2.04,71.1118,68.9873,8.5449,11.7369,11.462,,,5511.8072,1377.9518,1377.9518,686826.2952,171706.5738,154.06,102.7,1.0
301596,瑞迪智驱,机械基件,四川,20240513,301596.SZ,20241105,123.0,128.38,113.41,128.38,106.98,21.4,20.0037,83484.0,1012373.034,60.5856,60.5856,2.63,73.2632,71.0745,8.8034,12.092,11.8088,,,5511.8072,1377.9518,1377.9518,707605.8083,176901.4521,128.38,85.58,1.0
301596,瑞迪智驱,机械基件,四川,20240513,301596.SZ,20241104,100.0,106.98,99.0,106.98,89.15,17.83,20.0,35861.84,372008.048,26.0255,26.0255,1.3,61.0508,59.2269,7.336,10.0764,9.8404,,,5511.8072,1377.9518,1377.9518,589653.1343,147413.2836,106.98,71.32,1.0
301596,瑞迪智驱,机械基件,四川,20240513,301596.SZ,20241101,74.93,89.15,74.29,89.15,74.29,14.86,20.0027,76222.27,641820.621,55.3156,55.3156,4.55,50.8756,49.3557,6.1133,8.397,8.2003,,,5511.8072,1377.9518,1377.9518,491377.6119,122844.403,89.15,59.43,1.0
301596,瑞迪智驱,机械基件,四川,20240513,301596.SZ,20241031,72.16,74.8,72.16,74.29,73.13,1.16,1.5862,13310.0,97850.495,9.6593,9.6593,0.77,42.3954,41.1288,5.0943,6.9973,6.8334,,,5511.8072,1377.9518,1377.9518,409472.1569,102368.0392,87.76,58.5,1.0
301596,瑞迪智驱,机械基件,四川,20240513,301596.SZ,20241030,74.84,76.16,72.28,73.13,75.7,-2.57,-3.395,18007.0,132769.438,13.0679,13.0679,0.92,41.7334,40.4866,5.0148,6.8881,6.7267,,,5511.8072,1377.9518,1377.9518,403078.4605,100769.6151,90.84,60.56,1.0
301596,瑞迪智驱,机械基件,四川,20240513,301596.SZ,20241029,80.0,80.0,75.66,75.7,77.95,-2.25,-2.8865,15068.62,116277.751,10.9355,10.9355,0.6,43.2001,41.9095,5.191,7.1301,6.9631,,,5511.8072,1377.9518,1377.9518,417243.805,104310.9513,93.54,62.36,1.0
301596,瑞迪智驱,机械基件,四川,20240513,301596.SZ,20241028,77.73,78.47,76.47,77.95,78.63,-0.68,-0.8648,15725.0,121593.647,11.4119,11.4119,0.57,44.4841,43.1551,5.3453,7.3421,7.1701,,,5511.8072,1377.9518,1377.9518,429645.3712,107411.3428,94.36,62.9,1.0
301596,瑞迪智驱,机械基件,四川,20240513,301596.SZ,20241025,79.81,80.58,75.91,78.63,77.38,1.25,1.6154,21592.95,169453.161,15.6703,15.6703,0.75,44.8721,43.5316,5.3919,7.4061,7.2326,,,5511.8072,1377.9518,1377.9518,433393.4001,108348.35,92.86,61.9,1.0
301596,瑞迪智驱,机械基件,四川,20240513,301596.SZ,20241024,78.0,79.57,77.03,77.38,79.08,-1.7,-2.1497,16153.05,125950.842,11.7225,11.7225,0.51,44.1588,44.2711,5.4636,7.2884,7.2819,,,5511.8072,1377.9518,1377.9518,426503.6411,106625.9103,94.9,63.26,1.0
301596,瑞迪智驱,机械基件,四川,20240513,301596.SZ,20241023,80.42,83.29,79.01,79.08,82.58,-3.5,-4.2383,28888.91,233741.134,20.9651,20.9651,0.89,45.1289,45.2437,5.5836,7.4485,7.4419,,,5511.8072,1377.9518,1377.9518,435873.7134,108968.4283,99.1,66.06,1.0
301596,瑞迪智驱,机械基件,四川,20240513,301596.SZ,20241022,77.88,86.0,77.04,82.58,78.4,4.18,5.3316,43123.4,352233.193,31.2953,31.2953,1.59,47.1263,47.2462,5.8307,7.7782,7.7713,,,5511.8072,1377.9518,1377.9518,455165.0386,113791.2596,94.08,62.72,1.0
301596,瑞迪智驱,机械基件,四川,20240513,301596.SZ,20241021,75.14,78.43,74.58,78.4,75.13,3.27,4.3525,28376.05,218097.141,20.5929,20.5929,1.15,44.7409,44.8547,5.5356,7.3844,7.3779,,,5511.8072,1377.9518,1377.9518,432125.6845,108031.4211,90.16,60.1,1.0
301596,瑞迪智驱,机械基件,四川,20240513,301596.SZ,20241018,71.86,77.92,71.51,75.13,72.38,2.75,3.7994,27332.5,203509.278,19.8356,19.8356,1.16,42.8748,42.9838,5.3047,7.0764,7.0702,,,5511.8072,1377.9518,1377.9518,414102.0749,103525.5187,86.86,57.9,1.0
301596,瑞迪智驱,机械基件,四川,20240513,301596.SZ,20241017,76.29,76.29,72.0,72.38,76.3,-3.92,-5.1376,29226.7,216516.28,21.2102,21.2102,1.34,41.3054,41.4105,5.1106,6.8174,6.8114,,,5511.8072,1377.9518,1377.9518,398944.6051,99736.1513,91.56,61.04,1.0
301596,瑞迪智驱,机械基件,四川,20240513,301596.SZ,20241016,69.66,78.0,69.66,76.3,71.75,4.55,6.3415,34797.55,262636.509,25.2531,25.2531,1.55,43.5425,43.6532,5.3873,7.1866,7.1803,,,5511.8072,1377.9518,1377.9518,420550.8894,105137.7223,86.1,57.4,1.0
301596,瑞迪智驱,机械基件,四川,20240513,301596.SZ,20241015,72.51,74.88,71.42,71.75,73.63,-1.88,-2.5533,16285.0,119471.004,11.8183,11.8183,0.55,40.9459,41.05,5.0661,6.7581,6.7521,,,5511.8072,1377.9518,1377.9518,395472.1666,98868.0417,88.36,58.9,1.0
301596,瑞迪智驱,机械基件,四川,20240513,301596.SZ,20241014,70.78,73.64,69.13,73.63,71.26,2.37,3.3258,15760.0,113354.236,11.4373,11.4373,0.44,42.0188,42.1256,5.1988,6.9352,6.929,,,5511.8072,1377.9518,1377.9518,405834.3641,101458.591,85.51,57.01,1.0
301596,瑞迪智驱,机械基件,四川,20240513,301596.SZ,20241011,75.8,76.94,70.23,71.26,77.0,-5.74,-7.4545,21363.74,155441.148,15.504,15.504,0.56,40.6663,40.7697,5.0315,6.7119,6.706,,,5511.8072,1377.9518,1377.9518,392771.3811,98192.8453,92.4,61.6,1.0
301596,瑞迪智驱,机械基件,四川,20240513,301596.SZ,20241010,79.01,80.94,76.77,77.0,77.88,-0.88,-1.1299,21251.14,166955.241,15.4223,15.4223,0.54,43.9419,44.0537,5.4368,7.2526,7.2461,,,5511.8072,1377.9518,1377.9518,424409.1544,106102.2886,93.46,62.3,1.0
301596,瑞迪智驱,机械基件,四川,20240513,301596.SZ,20241009,85.1,86.44,77.88,77.88,91.33,-13.45,-14.7268,37946.29,316025.801,27.5382,27.5382,1.08,44.4441,44.5572,5.4989,7.3355,7.329,,,5511.8072,1377.9518,1377.9518,429259.5447,107314.8862,109.6,73.06,1.0
301596,瑞迪智驱,机械基件,四川,20240513,301596.SZ,20241008,95.0,95.0,81.8,91.33,80.16,11.17,13.9346,51041.1,451932.296,37.0413,37.0413,1.81,52.1197,52.2523,6.4486,8.6023,8.5947,,,5511.8072,1377.9518,1377.9518,503393.3516,125848.3379,96.19,64.13,1.0
301596,瑞迪智驱,机械基件,四川,20240513,301596.SZ,20240930,71.0,81.0,69.32,80.16,68.63,11.53,16.8002,46103.56,344194.923,33.458,33.458,2.24,45.7453,45.8616,5.6599,7.5502,7.5435,,,5511.8072,1377.9518,1377.9518,441826.4652,110456.6163,82.36,54.9,1.0
301596,瑞迪智驱,机械基件,四川,20240513,301596.SZ,20240927,65.16,68.96,64.58,68.63,63.98,4.65,7.2679,33335.0,222030.845,24.1917,24.1917,2.09,39.1654,39.265,4.8458,6.4642,6.4585,,,5511.8072,1377.9518,1377.9518,378275.3281,94568.832,76.78,51.18,1.0
301596,瑞迪智驱,机械基件,四川,20240513,301596.SZ,20240926,59.65,64.28,59.62,63.98,59.88,4.1,6.847,29800.0,188192.227,21.6263,21.6263,2.53,36.5118,36.6046,4.5175,6.0262,6.0209,,,5511.8072,1377.9518,1377.9518,352645.4247,88161.3562,71.86,47.9,1.0
301596,瑞迪智驱,机械基件,四川,20240513,301596.SZ,20240925,60.38,61.93,59.69,59.88,59.55,0.33,0.5542,15584.0,94521.525,11.3095,11.3095,1.57,34.172,34.2589,4.228,5.6401,5.6351,,,5511.8072,1377.9518,1377.9518,330047.0151,82511.7538,71.46,47.64,1.0
301596,瑞迪智驱,机械基件,四川,20240513,301596.SZ,20240924,57.5,59.59,55.5,59.55,57.47,2.08,3.6193,15820.0,91723.742,11.4808,11.4808,1.95,33.9837,34.0701,4.2047,5.609,5.604,,,5511.8072,1377.9518,1377.9518,328228.1188,82057.0297,68.96,45.98,1.0
301596,瑞迪智驱,机械基件,四川,20240513,301596.SZ,20240923,57.28,58.08,56.42,57.47,57.0,0.47,0.8246,8362.0,47974.815,6.0684,6.0684,1.05,32.7967,32.8801,4.0578,5.4131,5.4083,,,5511.8072,1377.9518,1377.9518,316763.5598,79190.8899,68.4,45.6,1.0
301596,瑞迪智驱,机械基件,四川,20240513,301596.SZ,20240920,58.58,59.31,56.5,57.0,58.76,-1.76,-2.9952,10024.0,57708.644,7.2746,7.2746,1.4,32.5285,32.6112,4.0246,5.3688,5.364,,,5511.8072,1377.9518,1377.9518,314173.0104,78543.2526,70.51,47.01,1.0
301596,瑞迪智驱,机械基件,四川,20240513,301596.SZ,20240919,58.18,59.95,57.84,58.76,57.99,0.77,1.3278,9200.0,54334.322,6.6766,6.6766,1.26,33.5328,33.6181,4.1489,5.5346,5.5297,,,5511.8072,1377.9518,1377.9518,323873.7911,80968.4478,69.59,46.39,1.0
301596,瑞迪智驱,机械基件,四川,20240513,301596.SZ,20240918,57.66,58.28,56.66,57.99,57.93,0.06,0.1036,6120.0,35154.722,4.4414,4.4414,0.79,33.0934,33.1776,4.0945,5.462,5.4572,,,5511.8072,1377.9518,1377.9518,319629.6995,79907.4249,69.52,46.34,1.0
301596,瑞迪智驱,机械基件,四川,20240513,301596.SZ,20240913,59.2,59.4,57.93,57.93,59.25,-1.32,-2.2278,6867.0,40131.242,4.9835,4.9835,0.76,33.0592,33.1433,4.0903,5.4564,5.4515,,,5511.8072,1377.9518,1377.9518,319298.9911,79824.7478,71.1,47.4,1.0
301596,瑞迪智驱,机械基件,四川,20240513,301596.SZ,20240912,61.13,61.65,59.25,59.25,61.11,-1.86,-3.0437,7477.0,45193.661,5.4262,5.4262,0.69,33.8125,33.8985,4.1835,5.5807,5.5758,,,5511.8072,1377.9518,1377.9518,326574.5766,81643.6442,73.33,48.89,1.0
301596,瑞迪智驱,机械基件,四川,20240513,301596.SZ,20240911,61.97,61.97,60.47,61.11,61.83,-0.72,-1.1645,6136.0,37432.66,4.453,4.453,0.55,34.8739,34.9626,4.3148,5.7559,5.7508,,,5511.8072,1377.9518,1377.9518,336826.538,84206.6345,74.2,49.46,1.0
301596,瑞迪智驱,机械基件,四川,20240513,301596.SZ,20240910,60.47,62.07,60.1,61.83,60.61,1.22,2.0129,9852.0,60227.355,7.1497,7.1497,0.92,35.2848,35.3745,4.3656,5.8237,5.8186,,,5511.8072,1377.9518,1377.9518,340795.0392,85198.7598,72.73,48.49,1.0
301596,瑞迪智驱,机械基件,四川,20240513,301596.SZ,20240909,59.5,60.95,59.2,60.61,60.3,0.31,0.5141,8529.0,51337.658,6.1896,6.1896,0.76,34.5886,34.6766,4.2795,5.7088,5.7037,,,5511.8072,1377.9518,1377.9518,334070.6344,83517.6586,72.36,48.24,1.0
301596,瑞迪智驱,机械基件,四川,20240513,301596.SZ,20240906,62.76,63.54,60.3,60.3,63.31,-3.01,-4.7544,12890.0,79800.826,9.3545,9.3545,1.08,34.4117,34.4992,4.2576,5.6796,5.6746,,,5511.8072,1377.9518,1377.9518,332361.9742,83090.4935,75.97,50.65,1.0
301596,瑞迪智驱,机械基件,四川,20240513,301596.SZ,20240905,61.68,64.29,61.51,63.31,61.49,1.82,2.9598,16472.0,104166.225,11.954,11.954,1.44,36.1294,36.2213,4.4701,5.9631,5.9578,,,5511.8072,1377.9518,1377.9518,348952.5138,87238.1285,73.79,49.19,1.0
301596,瑞迪智驱,机械基件,四川,20240513,301596.SZ,20240904,61.77,62.61,61.11,61.49,61.83,-0.34,-0.5499,7860.0,48561.514,5.7041,5.7041,0.61,35.0908,35.18,4.3416,5.7917,5.7866,,,5511.8072,1377.9518,1377.9518,338921.0247,84730.2562,74.2,49.46,1.0
301596,瑞迪智驱,机械基件,四川,20240513,301596.SZ,20240903,61.23,62.86,60.79,61.83,61.2,0.63,1.0294,7843.0,48474.571,5.6918,5.6918,0.59,35.2848,35.3745,4.3656,5.8237,5.8186,,,5511.8072,1377.9518,1377.9518,340795.0392,85198.7598,73.44,48.96,1.0
301596,瑞迪智驱,机械基件,四川,20240513,301596.SZ,20240902,62.99,63.85,61.1,61.2,63.72,-2.52,-3.9548,11212.0,69868.454,8.1367,8.1367,0.88,34.9253,35.0141,4.3212,5.7644,5.7593,,,5511.8072,1377.9518,1377.9518,337322.6006,84330.6502,76.46,50.98,1.0
301596,瑞迪智驱,机械基件,四川,20240513,301596.SZ,20240830,62.18,64.39,61.68,63.72,62.5,1.22,1.952,16530.0,104890.651,11.9961,11.9961,1.37,36.3634,36.4559,4.4991,6.0017,5.9964,,,5511.8072,1377.9518,1377.9518,351212.3548,87803.0887,75.0,50.0,1.0
301596,瑞迪智驱,机械基件,四川,20240513,301596.SZ,20240829,60.85,63.1,60.81,62.5,61.29,1.21,1.9742,13902.0,86396.291,10.0889,10.0889,0.99,35.6672,35.7579,4.413,5.8868,5.8816,,,5511.8072,1377.9518,1377.9518,344487.95,86121.9875,73.55,49.03,1.0
301596,瑞迪智驱,机械基件,四川,20240513,301596.SZ,20240828,59.58,62.56,59.58,61.29,60.2,1.09,1.8106,14797.0,90648.554,10.7384,10.7384,0.97,34.9766,35.0656,4.3275,5.7729,5.7677,,,5511.8072,1377.9518,1377.9518,337818.6633,84454.6658,72.24,48.16,1.0
301596,瑞迪智驱,机械基件,四川,20240513,301596.SZ,20240827,60.05,61.3,59.69,60.2,61.01,-0.81,-1.3277,9925.0,59714.07,7.2027,7.2027,0.61,34.3546,34.442,4.2506,5.6702,5.6652,,,5511.8072,1377.9518,1377.9518,331810.7934,82952.6984,73.21,48.81,1.0
301596,瑞迪智驱,机械基件,四川,20240513,301596.SZ,20240826,61.48,61.86,60.7,61.01,61.19,-0.18,-0.2942,8856.0,54203.621,6.4269,6.4269,0.5,34.8169,34.2928,4.4545,5.7465,5.777,,,5511.8072,1377.9518,1377.9518,336275.3573,84068.8393,73.43,48.95,1.0
301596,瑞迪智驱,机械基件,四川,20240513,301596.SZ,20240823,61.98,62.64,61.12,61.19,62.27,-1.08,-1.7344,13023.0,80493.858,9.451,9.451,0.7,34.9196,34.3939,4.4676,5.7634,5.794,,,5511.8072,1377.9518,1377.9518,337267.4826,84316.8706,74.72,49.82,1.0
301596,瑞迪智驱,机械基件,四川,20240513,301596.SZ,20240822,67.2,67.37,62.13,62.27,67.59,-5.32,-7.871,23532.0,151216.085,17.0775,17.0775,1.34,35.5359,35.001,4.5465,5.8652,5.8963,,,5511.8072,1377.9518,1377.9518,343220.2343,85805.0586,81.11,54.07,1.0
301596,瑞迪智驱,机械基件,四川,20240513,301596.SZ,20240821,66.87,68.76,65.85,67.59,66.81,0.78,1.1675,20681.9,139765.726,15.0092,15.0092,1.29,38.5719,37.9913,4.9349,6.3663,6.4001,,,5511.8072,1377.9518,1377.9518,372543.0486,93135.7622,80.17,53.45,1.0
301596,瑞迪智驱,机械基件,四川,20240513,301596.SZ,20240820,67.16,67.55,64.85,66.81,66.95,-0.14,-0.2091,15470.0,101930.275,11.2268,11.2268,0.97,38.1268,37.5529,4.8779,6.2928,6.3262,,,5511.8072,1377.9518,1377.9518,368243.839,92060.9598,80.34,53.56,1.0
301596,瑞迪智驱,机械基件,四川,20240513,301596.SZ,20240819,69.23,70.4,66.9,66.95,68.88,-1.93,-2.802,16206.0,110957.332,11.7609,11.7609,0.96,38.2067,37.6315,4.8882,6.306,6.3395,,,5511.8072,1377.9518,1377.9518,369015.492,92253.873,82.66,55.1,1.0
301596,瑞迪智驱,机械基件,四川,20240513,301596.SZ,20240816,69.88,71.47,68.5,68.88,69.87,-0.99,-1.4169,17145.62,119929.321,12.4428,12.4428,0.91,39.3081,38.7164,5.0291,6.4878,6.5222,,,5511.8072,1377.9518,1377.9518,379653.2799,94913.32,83.84,55.9,1.0
301596,瑞迪智驱,机械基件,四川,20240513,301596.SZ,20240815,68.0,71.55,67.56,69.87,68.42,1.45,2.1193,18392.0,128448.807,13.3473,13.3473,0.91,39.873,39.2728,5.1014,6.581,6.6159,,,5511.8072,1377.9518,1377.9518,385109.9691,96277.4923,82.1,54.74,1.0
301596,瑞迪智驱,机械基件,四川,20240513,301596.SZ,20240814,69.47,69.84,68.42,68.42,69.56,-1.14,-1.6389,12651.0,87280.18,9.181,9.181,0.55,39.0456,38.4578,4.9955,6.4444,6.4786,,,5511.8072,1377.9518,1377.9518,377117.8486,94279.4622,83.47,55.65,1.0
301596,瑞迪智驱,机械基件,四川,20240513,301596.SZ,20240813,68.4,69.58,67.26,69.56,68.45,1.11,1.6216,15425.62,105368.854,11.1946,11.1946,0.55,39.6961,39.0986,5.0787,6.5518,6.5866,,,5511.8072,1377.9518,1377.9518,383401.3088,95850.3272,82.14,54.76,1.0
301596,瑞迪智驱,机械基件,四川,20240513,301596.SZ,20240812,69.86,70.47,67.1,68.45,71.09,-2.64,-3.7136,20924.0,143142.92,15.1849,15.1849,0.64,39.0627,38.4747,4.9977,6.4473,6.4815,,,5511.8072,1377.9518,1377.9518,377283.2028,94320.8007,85.31,56.87,1.0
301596,瑞迪智驱,机械基件,四川,20240513,301596.SZ,20240809,74.46,76.88,71.01,71.09,74.1,-3.01,-4.0621,26499.0,194847.358,19.2307,19.2307,0.88,40.5693,39.9586,5.1904,6.6959,6.7315,,,5511.8072,1377.9518,1377.9518,391834.3738,97958.5935,88.92,59.28,1.0
301596,瑞迪智驱,机械基件,四川,20240513,301596.SZ,20240808,75.5,77.86,73.66,74.1,75.99,-1.89,-2.4872,25368.0,191140.589,18.4099,18.4099,0.84,42.287,41.6505,5.4102,6.9794,7.0165,,,5511.8072,1377.9518,1377.9518,408424.9135,102106.2284,91.19,60.79,1.0
301596,瑞迪智驱,机械基件,四川,20240513,301596.SZ,20240807,78.51,79.2,75.81,75.99,79.2,-3.21,-4.053,27422.0,211176.126,19.9006,19.9006,0.87,43.3656,42.7128,5.5482,7.1574,7.1954,,,5511.8072,1377.9518,1377.9518,418842.2291,104710.5573,95.04,63.36,1.0
301596,瑞迪智驱,机械基件,四川,20240513,301596.SZ,20240806,78.0,82.98,77.01,79.2,78.6,0.6,0.7634,40268.0,321032.476,29.2231,29.2231,1.51,45.1974,44.5171,5.7826,7.4598,7.4994,,,5511.8072,1377.9518,1377.9518,436535.1302,109133.7826,94.32,62.88,1.0
301596,瑞迪智驱,机械基件,四川,20240513,301596.SZ,20240805,73.0,85.0,72.86,78.6,74.41,4.19,5.631,43550.0,342122.691,31.6049,31.6049,2.14,44.855,44.1798,5.7388,7.4033,7.4426,,,5511.8072,1377.9518,1377.9518,433228.0459,108307.0115,89.29,59.53,1.0
301596,瑞迪智驱,机械基件,四川,20240513,301596.SZ,20240802,74.85,76.38,74.41,74.41,75.98,-1.57,-2.0663,14521.0,109201.983,10.5381,10.5381,0.75,42.4639,41.8247,5.4328,7.0086,7.0458,,,5511.8072,1377.9518,1377.9518,410133.5738,102533.3934,91.18,60.78,1.0
301596,瑞迪智驱,机械基件,四川,20240513,301596.SZ,20240801,77.0,78.29,75.8,75.98,78.3,-2.32,-2.963,24832.0,190638.888,18.0209,18.0209,1.46,43.3599,42.7072,5.5475,7.1565,7.1945,,,5511.8072,1377.9518,1377.9518,418787.1111,104696.7778,93.96,62.64,1.0
301596,瑞迪智驱,机械基件,四川,20240513,301596.SZ,20240731,72.8,79.11,71.89,78.3,73.55,4.75,6.4582,34470.0,264747.571,25.0154,25.0154,2.65,44.6838,44.0112,5.7169,7.375,7.4142,,,5511.8072,1377.9518,1377.9518,431574.5038,107893.6259,88.26,58.84,1.0
301596,瑞迪智驱,机械基件,四川,20240513,301596.SZ,20240730,71.55,74.8,70.35,73.55,72.0,1.55,2.1528,16405.0,119410.535,11.9054,11.9054,1.23,41.9731,41.3413,5.37,6.9276,6.9644,,,5511.8072,1377.9518,1377.9518,405393.4196,101348.3549,86.4,57.6,1.0
301596,瑞迪智驱,机械基件,四川,20240513,301596.SZ,20240729,71.03,72.4,69.85,72.0,71.13,0.87,1.2231,11629.2,82816.506,8.4395,8.4395,0.89,41.0886,40.4701,5.2569,6.7816,6.8176,,,5511.8072,1377.9518,1377.9518,396850.1184,99212.5296,85.36,56.9,1.0
301596,瑞迪智驱,机械基件,四川,20240513,301596.SZ,20240726,70.1,71.15,69.77,71.13,69.77,1.36,1.9493,9905.0,69929.124,7.1882,7.1882,0.72,40.5921,39.9811,5.1934,6.6997,6.7353,,,5511.8072,1377.9518,1377.9518,392054.8461,98013.7115,83.72,55.82,1.0
301596,瑞迪智驱,机械基件,四川,20240513,301596.SZ,20240725,70.0,71.39,68.57,69.77,70.55,-0.78,-1.1056,12593.7,87927.275,9.1394,9.1394,0.89,39.816,39.2166,5.0941,6.5716,6.6065,,,5511.8072,1377.9518,1377.9518,384558.7883,96139.6971,84.66,56.44,1.0
301596,瑞迪智驱,机械基件,四川,20240513,301596.SZ,20240724,70.64,72.96,70.5,70.55,72.55,-2.0,-2.7567,14448.0,103136.89,10.4851,10.4851,1.05,40.2611,39.6551,5.151,6.6451,6.6803,,,5511.8072,1377.9518,1377.9518,388857.998,97214.4995,87.06,58.04,1.0
301596,瑞迪智驱,机械基件,四川,20240513,301596.SZ,20240723,74.93,76.96,72.55,72.55,74.12,-1.57,-2.1182,18058.0,134544.437,13.105,13.105,1.44,41.4024,40.7792,5.297,6.8334,6.8697,,,5511.8072,1377.9518,1377.9518,399881.6124,99970.4031,88.94,59.3,1.0
301596,瑞迪智驱,机械基件,四川,20240513,301596.SZ,20240722,73.48,74.78,73.1,74.12,74.03,0.09,0.1216,10245.0,76002.768,7.4349,7.4349,0.81,42.2984,41.6617,5.4117,6.9813,7.0184,,,5511.8072,1377.9518,1377.9518,408535.1497,102133.7874,88.84,59.22,1.0
301596,瑞迪智驱,机械基件,四川,20240513,301596.SZ,20240719,73.01,75.0,72.56,74.03,73.38,0.65,0.8858,13358.0,98970.96,9.6941,9.6941,0.96,42.247,41.6111,5.4051,6.9728,7.0099,,,5511.8072,1377.9518,1377.9518,408039.087,102009.7718,88.06,58.7,1.0
301596,瑞迪智驱,机械基件,四川,20240513,301596.SZ,20240718,72.39,74.03,70.43,73.38,72.85,0.53,0.7275,14478.59,104481.82,10.5073,10.5073,0.84,41.8761,41.2458,5.3576,6.9116,6.9483,,,5511.8072,1377.9518,1377.9518,404456.4123,101114.1031,87.42,58.28,1.0
301596,瑞迪智驱,机械基件,四川,20240513,301596.SZ,20240717,74.31,74.9,72.65,72.85,74.97,-2.12,-2.8278,12378.0,90624.478,8.9829,8.9829,0.65,41.5736,40.9478,5.3189,6.8617,6.8981,,,5511.8072,1377.9518,1377.9518,401535.1545,100383.7886,89.96,59.98,1.0
301596,瑞迪智驱,机械基件,四川,20240513,301596.SZ,20240716,75.31,75.72,73.26,74.97,74.95,0.02,0.0267,12172.39,90645.026,8.8337,8.8337,0.56,42.7835,42.1395,5.4737,7.0614,7.0989,,,5511.8072,1377.9518,1377.9518,413220.1858,103305.0464,89.94,59.96,1.0
301596,瑞迪智驱,机械基件,四川,20240513,301596.SZ,20240715,75.04,76.03,73.86,74.95,75.48,-0.53,-0.7022,10467.0,78323.092,7.5961,7.5961,0.4,42.7721,42.1282,5.4723,7.0595,7.097,,,5511.8072,1377.9518,1377.9518,413109.9496,103277.4874,90.58,60.38,1.0
301596,瑞迪智驱,机械基件,四川,20240513,301596.SZ,20240712,76.62,78.4,75.26,75.48,77.77,-2.29,-2.9446,20113.0,153306.74,14.5963,14.5963,0.63,43.0745,42.4261,5.511,7.1094,7.1472,,,5511.8072,1377.9518,1377.9518,416031.2075,104007.8019,93.32,62.22,1.0
301596,瑞迪智驱,机械基件,四川,20240513,301596.SZ,20240711,75.0,78.68,74.66,77.77,73.5,4.27,5.8095,31093.0,240231.904,22.5646,22.5646,0.83,44.3814,43.7133,5.6782,7.3251,7.364,,,5511.8072,1377.9518,1377.9518,428653.2459,107163.3115,88.2,58.8,1.0
301596,瑞迪智驱,机械基件,四川,20240513,301596.SZ,20240710,73.0,75.72,73.0,73.5,74.17,-0.67,-0.9033,21528.0,159533.214,15.6232,15.6232,0.58,41.9446,41.3132,5.3664,6.9229,6.9597,,,5511.8072,1377.9518,1377.9518,405117.8292,101279.4573,89.0,59.34,1.0
301596,瑞迪智驱,机械基件,四川,20240513,301596.SZ,20240709,71.8,74.38,70.71,74.17,71.92,2.25,3.1285,26055.0,189024.722,18.9085,18.9085,0.73,42.3269,41.6898,5.4153,6.986,7.0231,,,5511.8072,1377.9518,1377.9518,408810.74,102202.685,86.3,57.54,1.0
301596,瑞迪智驱,机械基件,四川,20240513,301596.SZ,20240708,74.0,74.0,71.66,71.92,76.29,-4.37,-5.7281,31632.4,229829.876,22.9561,22.9561,0.94,41.0429,40.4251,5.251,6.7741,6.8101,,,5511.8072,1377.9518,1377.9518,396409.1738,99102.2935,91.55,61.03,1.0
301596,瑞迪智驱,机械基件,四川,20240513,301596.SZ,20240705,84.2,84.4,75.69,76.29,87.11,-10.82,-12.4211,49990.4,393727.371,36.2788,36.2788,1.77,43.5368,42.8814,5.5701,7.1857,7.2238,,,5511.8072,1377.9518,1377.9518,420495.7713,105123.9428,104.53,69.69,1.0
301596,瑞迪智驱,机械基件,四川,20240513,301596.SZ,20240704,82.98,89.0,82.96,87.11,81.79,5.32,6.5045,57965.17,498628.686,42.0662,42.0662,2.66,49.7115,48.9632,6.3601,8.2048,8.2484,,,5511.8072,1377.9518,1377.9518,480133.5252,120033.3813,98.15,65.43,1.0
301596,瑞迪智驱,机械基件,四川,20240513,301596.SZ,20240703,82.15,83.89,81.01,81.79,81.4,0.39,0.4791,21512.57,177314.386,15.612,15.612,0.96,46.6755,45.9729,5.9717,7.7037,7.7446,,,5511.8072,1377.9518,1377.9518,450810.7109,112702.6777,97.68,65.12,1.0
301596,瑞迪智驱,机械基件,四川,20240513,301596.SZ,20240702,82.93,83.54,80.58,81.4,83.5,-2.1,-2.515,17767.0,145132.096,12.8938,12.8938,0.72,46.4529,45.7537,5.9432,7.667,7.7077,,,5511.8072,1377.9518,1377.9518,448661.1061,112165.2765,100.2,66.8,1.0
301596,瑞迪智驱,机械基件,四川,20240513,301596.SZ,20240701,82.57,83.56,79.15,83.5,83.27,0.23,0.2762,21389.51,174066.822,15.5227,15.5227,0.85,47.6513,46.934,6.0965,7.8648,7.9066,,,5511.8072,1377.9518,1377.9518,460235.9012,115058.9753,99.92,66.62,1.0
301596,瑞迪智驱,机械基件,四川,20240513,301596.SZ,20240628,81.0,84.98,81.0,83.27,82.2,1.07,1.3017,22452.8,187495.353,16.2943,16.2943,0.89,47.5201,46.8048,6.0797,7.8431,7.8848,,,5511.8072,1377.9518,1377.9518,458968.1855,114742.0464,98.64,65.76,1.0
301596,瑞迪智驱,机械基件,四川,20240513,301596.SZ,20240627,83.8,86.39,82.1,82.2,84.29,-2.09,-2.4795,25817.77,217809.412,18.7363,18.7363,0.99,46.9095,46.2033,6.0016,7.7424,7.7835,,,5511.8072,1377.9518,1377.9518,453070.5518,113267.638,101.15,67.43,1.0
301596,瑞迪智驱,机械基件,四川,20240513,301596.SZ,20240626,82.0,84.51,79.58,84.29,84.09,0.2,0.2378,24757.0,204002.859,17.9665,17.9665,0.84,48.1022,47.3781,6.1542,7.9392,7.9814,,,5511.8072,1377.9518,1377.9518,464590.2289,116147.5572,100.91,67.27,1.0
301596,瑞迪智驱,机械基件,四川,20240513,301596.SZ,20240625,82.4,86.93,81.59,84.09,81.7,2.39,2.9253,29556.77,248959.293,21.4498,21.4498,0.96,47.988,47.2657,6.1396,7.9204,7.9624,,,5511.8072,1377.9518,1377.9518,463487.8674,115871.9669,98.04,65.36,1.0
301596,瑞迪智驱,机械基件,四川,20240513,301596.SZ,20240624,84.0,85.95,81.07,81.7,85.65,-3.95,-4.6118,22912.54,190786.897,16.628,16.628,0.72,46.6241,45.9223,5.9651,7.6953,7.7361,,,5511.8072,1377.9518,1377.9518,450314.6482,112578.6621,102.78,68.52,1.0
301596,瑞迪智驱,机械基件,四川,20240513,301596.SZ,20240621,86.31,87.36,84.6,85.65,87.05,-1.4,-1.6083,22483.02,192843.391,16.3163,16.3163,0.63,48.8783,48.1425,6.2535,8.0673,8.1101,,,5511.8072,1377.9518,1377.9518,472086.2867,118021.5717,104.46,69.64,1.0
301596,瑞迪智驱,机械基件,四川,20240513,301596.SZ,20240620,88.0,90.78,86.78,87.05,88.6,-1.55,-1.7494,30278.88,268922.895,21.9738,21.9738,0.77,49.6772,48.9294,6.3557,8.1992,8.2427,,,5511.8072,1377.9518,1377.9518,479802.8168,119950.7042,106.32,70.88,1.0
301596,瑞迪智驱,机械基件,四川,20240513,301596.SZ,20240619,95.5,95.55,88.6,88.6,96.49,-7.89,-8.177,42171.95,386667.575,30.6048,30.6048,1.07,50.5618,49.8007,6.4689,8.3452,8.3895,,,5511.8072,1377.9518,1377.9518,488346.1179,122086.5295,115.79,77.19,1.0
301596,瑞迪智驱,机械基件,四川,20240513,301596.SZ,20240618,93.2,97.29,92.79,96.49,93.59,2.9,3.0986,35554.02,337784.855,25.8021,25.8021,0.92,55.0644,54.2355,7.0449,9.0883,9.1366,,,5511.8072,1377.9518,1377.9518,531834.2767,132958.5692,112.31,74.87,1.0
301596,瑞迪智驱,机械基件,四川,20240513,301596.SZ,20240617,94.0,94.68,90.8,93.59,94.68,-1.09,-1.1512,29220.55,271308.907,21.2058,21.2058,0.74,53.4094,52.6055,6.8332,8.8152,8.862,,,5511.8072,1377.9518,1377.9518,515850.0358,128962.509,113.62,75.74,1.0
301596,瑞迪智驱,机械基件,四川,20240513,301596.SZ,20240614,97.08,97.28,93.39,94.68,98.69,-4.01,-4.0632,40633.47,386967.178,29.4883,29.4883,0.97,54.0315,53.2181,6.9128,8.9178,8.9652,,,5511.8072,1377.9518,1377.9518,521857.9057,130464.4764,118.43,78.95,1.0
301596,瑞迪智驱,机械基件,四川,20240513,301596.SZ,20240613,94.79,98.8,93.89,98.69,96.53,2.16,2.2376,48059.48,465220.023,34.8775,34.8775,1.11,56.3199,55.4721,7.2056,9.2955,9.3449,,,5511.8072,1377.9518,1377.9518,543960.2526,135990.0631,115.84,77.22,1.0
301596,瑞迪智驱,机械基件,四川,20240513,301596.SZ,20240612,95.64,99.88,94.61,96.53,95.45,1.08,1.1315,43193.57,418142.494,31.3462,31.3462,0.96,55.0872,54.258,7.0479,9.0921,9.1404,,,5511.8072,1377.9518,1377.9518,532054.749,133013.6873,114.54,76.36,1.0
301596,瑞迪智驱,机械基件,四川,20240513,301596.SZ,20240611,92.15,95.6,91.09,95.45,93.7,1.75,1.8677,31695.99,297547.979,23.0022,23.0022,0.65,54.4709,53.651,6.969,8.9904,9.0381,,,5511.8072,1377.9518,1377.9518,526101.9972,131525.4993,112.44,74.96,1.0
301596,瑞迪智驱,机械基件,四川,20240513,301596.SZ,20240607,95.48,96.8,93.0,93.7,95.4,-1.7,-1.782,34200.33,324174.335,24.8197,24.8197,0.63,53.4722,52.6673,6.8412,8.8255,8.8724,,,5511.8072,1377.9518,1377.9518,516456.3346,129114.0837,114.48,76.32,1.0
301596,瑞迪智驱,机械基件,四川,20240513,301596.SZ,20240606,102.58,102.89,95.32,95.4,102.1,-6.7,-6.5622,51260.44,503192.322,37.2005,37.2005,0.95,54.4424,53.6228,6.9654,8.9857,9.0334,,,5511.8072,1377.9518,1377.9518,525826.4069,131456.6017,122.52,81.68,1.0
301596,瑞迪智驱,机械基件,四川,20240513,301596.SZ,20240605,110.46,111.44,100.99,102.1,114.64,-12.54,-10.9386,56194.22,585792.454,40.781,40.781,1.04,58.2659,57.3888,7.4545,9.6167,9.6678,,,5511.8072,1377.9518,1377.9518,562755.5151,140688.8788,137.57,91.71,1.0
301596,瑞迪智驱,机械基件,四川,20240513,301596.SZ,20240604,116.9,122.0,114.56,114.64,119.6,-4.96,-4.1472,50819.58,595138.099,36.8805,36.8805,0.89,65.4221,64.4374,8.3701,10.7979,10.8552,,,5511.8072,1377.9518,1377.9518,631873.5774,157968.3944,143.52,95.68,1.0
301596,瑞迪智驱,机械基件,四川,20240513,301596.SZ,20240603,112.8,119.79,110.0,119.6,112.71,6.89,6.113,52696.42,601422.344,38.2426,38.2426,0.88,68.2527,67.2253,8.7323,11.265,11.3248,,,5511.8072,1377.9518,1377.9518,659212.1411,164803.0353,135.25,90.17,1.0
301596,瑞迪智驱,机械基件,四川,20240513,301596.SZ,20240531,109.04,118.96,108.89,112.71,109.04,3.67,3.3657,58631.53,665013.999,42.5498,42.5498,0.95,64.3207,63.3525,8.2292,10.6161,10.6724,,,5511.8072,1377.9518,1377.9518,621235.7895,155308.9474,130.85,87.23,1.0
301596,瑞迪智驱,机械基件,四川,20240513,301596.SZ,20240530,112.01,116.98,108.88,109.04,115.4,-6.36,-5.5113,52294.67,588966.722,37.951,37.951,0.76,62.2264,61.2897,7.9612,10.2704,10.3249,,,5511.8072,1377.9518,1377.9518,601007.4571,150251.8643,138.48,92.32,1.0
301596,瑞迪智驱,机械基件,四川,20240513,301596.SZ,20240529,119.79,122.47,113.51,115.4,117.72,-2.32,-1.9708,56859.86,669446.545,41.264,41.264,0.77,65.8559,64.8645,8.4256,10.8694,10.9271,,,5511.8072,1377.9518,1377.9518,636062.5509,159015.6377,141.26,94.18,1.0
301596,瑞迪智驱,机械基件,四川,20240513,301596.SZ,20240528,120.0,122.98,114.5,117.72,125.58,-7.86,-6.259,63767.71,748914.596,46.2772,46.2772,0.81,67.1798,66.1686,8.595,11.088,11.1468,,,5511.8072,1377.9518,1377.9518,648849.9436,162212.4859,150.7,100.46,1.0
301596,瑞迪智驱,机械基件,四川,20240513,301596.SZ,20240527,129.0,137.0,122.9,125.58,128.5,-2.92,-2.2724,66570.56,863706.565,48.3112,48.3112,0.82,71.6653,70.5866,9.1689,11.8283,11.8911,,,5511.8072,1377.9518,1377.9518,692172.7482,173043.187,154.2,102.8,1.0
301596,瑞迪智驱,机械基件,四川,20240513,301596.SZ,20240524,136.0,142.0,127.02,128.5,137.7,-9.2,-6.6812,68553.07,906462.865,49.75,49.75,0.82,73.3317,72.2278,9.3821,12.1033,12.1676,,,5511.8072,1377.9518,1377.9518,708267.2252,177066.8063,165.24,110.16,1.0
301596,瑞迪智驱,机械基件,四川,20240513,301596.SZ,20240523,137.0,155.0,129.9,137.7,135.7,2.0,1.4738,89818.22,1268938.324,65.1824,65.1824,1.08,78.5819,77.399,10.0538,12.9699,13.0387,,,5511.8072,1377.9518,1377.9518,758975.8514,189743.9629,162.84,108.56,1.0
301596,瑞迪智驱,机械基件,四川,20240513,301596.SZ,20240522,109.01,135.7,109.01,135.7,113.08,22.62,20.0035,79762.86,987882.0,57.8851,57.8851,0.93,77.4405,76.2748,9.9078,12.7815,12.8493,,,5511.8072,1377.9518,1377.9518,747952.237,186988.0593,135.7,90.46,1.0
301596,瑞迪智驱,机械基件,四川,20240513,301596.SZ,20240521,100.06,118.86,98.02,113.08,100.13,12.95,12.9332,89817.93,963447.513,65.1822,65.1822,1.0,64.5319,63.5605,8.2562,10.6509,10.7075,,,5511.8072,1377.9518,1377.9518,623275.1582,155818.7895,120.16,80.1,1.0
301596,瑞迪智驱,机械基件,四川,20240513,301596.SZ,20240520,83.0,100.13,80.51,100.13,83.44,16.69,20.0024,79221.52,715690.139,57.4922,57.4922,0.83,57.1417,56.2815,7.3107,9.4312,9.4812,,,5511.8072,1377.9518,1377.9518,551897.2549,137974.3137,100.13,66.75,1.0
301596,瑞迪智驱,机械基件,四川,20240513,301596.SZ,20240517,86.0,94.59,83.05,83.44,88.7,-5.26,-5.9301,81138.49,711466.825,58.8834,58.8834,,47.6171,46.9003,6.0921,7.8592,7.9009,,,5511.8072,1377.9518,1377.9518,459905.1928,114976.2982,,,1.0
301596,瑞迪智驱,机械基件,四川,20240513,301596.SZ,20240516,80.06,92.0,77.01,88.7,87.0,1.7,1.954,86043.3,708580.147,62.4429,62.4429,,50.6188,49.8569,6.4762,8.3546,8.3989,,,5511.8072,1377.9518,1377.9518,488897.2986,122224.3247,,,1.0
301596,瑞迪智驱,机械基件,四川,20240513,301596.SZ,20240515,86.0,96.66,84.9,87.0,83.8,3.2,3.8186,94027.79,844920.078,68.2374,68.2374,,49.6487,48.9013,6.3521,8.1945,8.238,,,5511.8072,1377.9518,1377.9518,479527.2264,119881.8066,,,1.0
301596,瑞迪智驱,机械基件,四川,20240513,301596.SZ,20240514,73.0,94.8,72.1,83.8,69.41,14.39,20.7319,106434.38,840475.701,77.241,77.241,,47.8225,47.1027,6.1184,7.8931,7.935,,,5511.8072,1377.9518,1377.9518,461889.4434,115472.3608,,,1.0
301596,瑞迪智驱,机械基件,四川,20240513,301596.SZ,20240513,70.3,77.7,68.1,69.41,25.92,43.49,167.7855,107296.76,778076.462,77.8668,77.8668,,39.6105,39.0143,5.0678,6.5377,6.5724,,,5511.8072,1377.9518,1377.9518,382574.5378,95643.6344,,,1.0
